username,comments_count,comments_per_post,avg_comment_score,comment_score_std,avg_reply_delay,reply_delay_std,sentiment_mean,sentiment_std,avg_comment_length,comment_length_std,activity_span_days,posts_per_day,burstiness_score,avg_word_length,avg_sentence_length,punctuation_ratio,uppercase_ratio,keyword_salad_ratio,unavailable_profile_ratio,unique_subreddits,subreddit_entropy,account_age_days,user_karma,comment_karma
pleaseletmesitonit,5.000000,5.000000,1.000000,0.000000,33713.800000,82.193430,0.000000,0.000000,28.000000,13.023056,0.002604,5.000000,0.504772,4.519048,5.800000,0.020422,0.148305,0.000000,1.000000,1.000000,-0.000000,0.000000,0.000000,0.000000
battery19791,3.000000,3.000000,1.000000,0.000000,36588.666667,111.598487,0.000000,0.000000,10.333333,1.699673,0.003125,3.000000,0.274074,4.166667,2.000000,0.099747,0.251852,0.000000,1.000000,1.000000,-0.000000,0.000000,0.000000,0.000000
GarethOfQuirm,3.000000,3.000000,1.000000,0.000000,38182.000000,15.513435,0.000000,0.000000,22.000000,5.887841,0.000428,3.000000,0.405405,3.333333,5.000000,0.085317,0.120485,0.000000,1.000000,1.000000,-0.000000,0.000000,0.000000,0.000000
leannmanderson,3.000000,3.000000,1.000000,0.000000,35449.000000,392.719578,0.000000,0.000000,398.333333,442.428400,0.010012,3.000000,0.842775,4.202466,9.250000,0.039205,0.057377,0.000000,1.000000,1.000000,-0.000000,0.000000,0.000000,0.000000
Yella_Chicken,2.000000,2.000000,1.000000,0.000000,36941.500000,116.500000,0.000000,0.000000,72.500000,19.500000,0.002697,2.000000,0.000000,3.685520,10.750000,0.025738,0.058048,0.000000,1.000000,1.000000,-0.000000,0.000000,0.000000,0.000000
TheGryphonRaven,2.000000,2.000000,1.000000,0.000000,36611.500000,544.500000,0.000000,0.000000,16.000000,7.000000,0.012604,2.000000,0.000000,4.500000,3.000000,0.000000,0.150000,0.000000,1.000000,1.000000,-0.000000,0.000000,0.000000,0.000000
mkeating8,2.000000,2.000000,1.000000,0.000000,39918.500000,12.500000,0.000000,0.000000,13.500000,5.500000,0.000289,2.000000,0.000000,4.583333,2.500000,0.000000,0.231092,0.000000,1.000000,1.000000,-0.000000,0.000000,0.000000,0.000000
ChardonnayCentral,2.000000,2.000000,1.000000,0.000000,36942.000000,29.000000,0.000000,0.000000,34.500000,18.500000,0.000671,2.000000,0.000000,3.363636,4.250000,0.153302,0.172087,0.000000,1.000000,1.000000,-0.000000,0.000000,0.000000,0.000000
TaxOk3585,2.000000,2.000000,1.000000,0.000000,34913.000000,47.000000,0.000000,0.000000,24.000000,15.000000,0.001088,2.000000,0.000000,7.500000,3.000000,0.051282,0.105556,0.000000,1.000000,1.000000,-0.000000,0.000000,0.000000,0.000000
NeighborhoodLeft2699,2.000000,2.000000,1.000000,0.000000,35376.500000,175.500000,0.000000,0.000000,21.000000,11.000000,0.004063,2.000000,0.000000,4.700000,3.500000,0.065625,0.143519,0.000000,1.000000,1.000000,-0.000000,0.000000,0.000000,0.000000
nyli7163,2.000000,2.000000,1.000000,0.000000,33089.500000,78.500000,0.000000,0.000000,18.000000,4.000000,0.001817,2.000000,0.000000,6.166667,2.500000,0.058442,0.188596,0.000000,1.000000,1.000000,-0.000000,0.000000,0.000000,0.000000
Tattycakes,2.000000,2.000000,1.000000,0.000000,36781.500000,73.500000,0.000000,0.000000,18.000000,3.000000,0.001701,2.000000,0.000000,4.416667,3.500000,0.066667,0.076316,0.000000,1.000000,1.000000,-0.000000,0.000000,0.000000,0.000000
furlongxfortnight,2.000000,2.000000,1.000000,0.000000,35859.500000,229.500000,0.000000,0.000000,46.500000,11.500000,0.005313,2.000000,0.000000,3.875000,6.500000,0.040148,0.040079,0.000000,1.000000,1.000000,-0.000000,0.000000,0.000000,0.000000
silentanthrx,2.000000,2.000000,1.000000,0.000000,37574.000000,191.000000,0.000000,0.000000,805.500000,745.500000,0.004421,2.000000,0.000000,3.561158,22.300000,0.029239,0.052829,0.000000,1.000000,1.000000,-0.000000,0.000000,0.000000,0.000000
Lady_Irish,2.000000,2.000000,1.000000,0.000000,36254.000000,24.000000,0.000000,0.000000,24.000000,15.000000,0.000556,2.000000,0.000000,4.000000,5.000000,0.000000,0.140625,0.000000,1.000000,1.000000,-0.000000,0.000000,0.000000,0.000000
badmother,2.000000,2.000000,1.000000,0.000000,38924.500000,21.500000,0.000000,0.000000,37.500000,0.500000,0.000498,2.000000,0.000000,8.433333,2.000000,0.079659,0.079133,0.000000,1.000000,1.000000,-0.000000,0.000000,0.000000,0.000000
International_Boss81,2.000000,2.000000,1.000000,0.000000,38114.000000,27.000000,0.000000,0.000000,11.000000,4.000000,0.000625,2.000000,0.000000,4.500000,2.000000,0.104762,0.215385,0.000000,1.000000,1.000000,-0.000000,0.000000,0.000000,0.000000
Yoshim7,1.000000,1.000000,1.000000,0.000000,32752.000000,0.000000,0.000000,0.000000,237.000000,0.000000,0.000000,1.000000,0.000000,4.177778,15.000000,0.016878,0.064171,0.000000,1.000000,1.000000,-0.000000,0.000000,0.000000,0.000000
Zeero92,1.000000,1.000000,1.000000,0.000000,33037.000000,0.000000,0.000000,0.000000,29.000000,0.000000,0.000000,1.000000,0.000000,3.142857,7.000000,0.034483,0.090909,0.000000,1.000000,1.000000,-0.000000,0.000000,0.000000,0.000000
Tree_Trunks-00-,1.000000,1.000000,1.000000,0.000000,37410.000000,0.000000,0.000000,0.000000,83.000000,0.000000,0.000000,1.000000,0.000000,4.428571,14.000000,0.072289,0.080645,0.000000,1.000000,1.000000,-0.000000,0.000000,0.000000,0.000000
banananey,1.000000,1.000000,1.000000,0.000000,39024.000000,0.000000,0.000000,0.000000,40.000000,0.000000,0.000000,1.000000,0.000000,19.000000,2.000000,0.025000,0.052632,0.000000,1.000000,1.000000,-0.000000,0.000000,0.000000,0.000000
Tynammi,1.000000,1.000000,1.000000,0.000000,40112.000000,0.000000,0.000000,0.000000,17.000000,0.000000,0.000000,1.000000,0.000000,5.000000,3.000000,0.000000,0.200000,0.000000,1.000000,1.000000,-0.000000,0.000000,0.000000,0.000000
Unable_Panda1984,1.000000,1.000000,1.000000,0.000000,35617.000000,0.000000,0.000000,0.000000,3.000000,0.000000,0.000000,1.000000,0.000000,3.000000,1.000000,0.000000,0.333333,0.000000,1.000000,1.000000,-0.000000,0.000000,0.000000,0.000000
UpgradingLight,1.000000,1.000000,1.000000,0.000000,38376.000000,0.000000,0.000000,0.000000,9.000000,0.000000,0.000000,1.000000,0.000000,4.000000,2.000000,0.000000,0.125000,0.000000,1.000000,1.000000,-0.000000,0.000000,0.000000,0.000000
arkofjoy,1.000000,1.000000,1.000000,0.000000,33699.000000,0.000000,0.000000,0.000000,15.000000,0.000000,0.000000,1.000000,0.000000,4.000000,3.000000,0.066667,0.083333,0.000000,1.000000,1.000000,-0.000000,0.000000,0.000000,0.000000
argonauts5565,1.000000,1.000000,1.000000,0.000000,36184.000000,0.000000,0.000000,0.000000,9.000000,0.000000,0.000000,1.000000,0.000000,4.000000,2.000000,0.000000,0.250000,0.000000,1.000000,1.000000,-0.000000,0.000000,0.000000,0.000000
antoncrowley666,1.000000,1.000000,1.000000,0.000000,34236.000000,0.000000,0.000000,0.000000,22.000000,0.000000,0.000000,1.000000,0.000000,10.500000,2.000000,0.000000,0.095238,0.000000,1.000000,1.000000,-0.000000,0.000000,0.000000,0.000000
annabnzl,1.000000,1.000000,1.000000,0.000000,37701.000000,0.000000,0.000000,0.000000,13.000000,0.000000,0.000000,1.000000,0.000000,3.666667,3.000000,0.000000,0.181818,0.000000,1.000000,1.000000,-0.000000,0.000000,0.000000,0.000000
UseACoasterJeez,1.000000,1.000000,1.000000,0.000000,35783.000000,0.000000,0.000000,0.000000,51.000000,0.000000,0.000000,1.000000,0.000000,4.000000,5.000000,0.039216,0.075000,0.000000,1.000000,1.000000,-0.000000,0.000000,0.000000,0.000000
Uv_ImMoriarty,1.000000,1.000000,1.000000,0.000000,36737.000000,0.000000,0.000000,0.000000,9.000000,0.000000,0.000000,1.000000,0.000000,4.000000,2.000000,0.000000,0.250000,0.000000,1.000000,1.000000,-0.000000,0.000000,0.000000,0.000000
alteredxenon,1.000000,1.000000,1.000000,0.000000,32904.000000,0.000000,0.000000,0.000000,4.000000,0.000000,0.000000,1.000000,0.000000,4.000000,1.000000,0.000000,0.250000,0.000000,1.000000,1.000000,-0.000000,0.000000,0.000000,0.000000
VelenCia144,1.000000,1.000000,1.000000,0.000000,33979.000000,0.000000,0.000000,0.000000,14.000000,0.000000,0.000000,1.000000,0.000000,6.500000,2.000000,0.000000,0.153846,0.000000,1.000000,1.000000,-0.000000,0.000000,0.000000,0.000000
Visible-Rub7937,1.000000,1.000000,1.000000,0.000000,40285.000000,0.000000,0.000000,0.000000,9.000000,0.000000,0.000000,1.000000,0.000000,4.000000,2.000000,0.000000,0.250000,0.000000,1.000000,1.000000,-0.000000,0.000000,0.000000,0.000000
WashingtonBaker1,1.000000,1.000000,1.000000,0.000000,33478.000000,0.000000,0.000000,0.000000,141.000000,0.000000,0.000000,1.000000,0.000000,3.633333,15.000000,0.042553,0.036697,0.000000,1.000000,1.000000,-0.000000,0.000000,0.000000,0.000000
Weird-Statistician,1.000000,1.000000,1.000000,0.000000,33268.000000,0.000000,0.000000,0.000000,16.000000,0.000000,0.000000,1.000000,0.000000,7.500000,2.000000,0.000000,0.200000,0.000000,1.000000,1.000000,-0.000000,0.000000,0.000000,0.000000
WonderfulHat5297,1.000000,1.000000,1.000000,0.000000,37265.000000,0.000000,0.000000,0.000000,9.000000,0.000000,0.000000,1.000000,0.000000,9.000000,1.000000,0.000000,0.111111,0.000000,1.000000,1.000000,-0.000000,0.000000,0.000000,0.000000
allycat440,1.000000,1.000000,1.000000,0.000000,36038.000000,0.000000,0.000000,0.000000,99.000000,0.000000,0.000000,1.000000,0.000000,4.705882,8.500000,0.030303,0.037500,0.000000,1.000000,1.000000,-0.000000,0.000000,0.000000,0.000000
abbas09tdoxo,1.000000,1.000000,1.000000,0.000000,38669.000000,0.000000,0.000000,0.000000,5.000000,0.000000,0.000000,1.000000,0.000000,5.000000,1.000000,0.000000,0.200000,0.000000,1.000000,1.000000,-0.000000,0.000000,0.000000,0.000000
_catv1105_,1.000000,1.000000,1.000000,0.000000,36496.000000,0.000000,0.000000,0.000000,16.000000,0.000000,0.000000,1.000000,0.000000,7.500000,2.000000,0.000000,0.200000,0.000000,1.000000,1.000000,-0.000000,0.000000,0.000000,0.000000
XROOR,1.000000,1.000000,1.000000,0.000000,39845.000000,0.000000,0.000000,0.000000,10.000000,0.000000,0.000000,1.000000,0.000000,4.500000,2.000000,0.000000,0.222222,0.000000,1.000000,1.000000,-0.000000,0.000000,0.000000,0.000000
TopComprehensive6533,1.000000,1.000000,1.000000,0.000000,37095.000000,0.000000,0.000000,0.000000,18.000000,0.000000,0.000000,1.000000,0.000000,3.750000,4.000000,0.000000,0.066667,0.000000,1.000000,1.000000,-0.000000,0.000000,0.000000,0.000000
-Leegion,1.000000,1.000000,1.000000,0.000000,38101.000000,0.000000,0.000000,0.000000,17.000000,0.000000,0.000000,1.000000,0.000000,5.000000,3.000000,0.000000,0.200000,0.000000,1.000000,1.000000,-0.000000,0.000000,0.000000,0.000000
Toonough,1.000000,1.000000,1.000000,0.000000,35786.000000,0.000000,0.000000,0.000000,15.000000,0.000000,0.000000,1.000000,0.000000,7.000000,2.000000,0.000000,0.142857,0.000000,1.000000,1.000000,-0.000000,0.000000,0.000000,0.000000
TheRealtcSpears,1.000000,1.000000,1.000000,0.000000,34789.000000,0.000000,0.000000,0.000000,32.000000,0.000000,0.000000,1.000000,0.000000,4.500000,6.000000,0.000000,0.037037,0.000000,1.000000,1.000000,-0.000000,0.000000,0.000000,0.000000
RB-44,1.000000,1.000000,1.000000,0.000000,37130.000000,0.000000,0.000000,0.000000,54.000000,0.000000,0.000000,1.000000,0.000000,3.230769,13.000000,0.018519,0.023810,0.000000,1.000000,1.000000,-0.000000,0.000000,0.000000,0.000000
Resident_Function280,1.000000,1.000000,1.000000,0.000000,33120.000000,0.000000,0.000000,0.000000,5.000000,0.000000,0.000000,1.000000,0.000000,5.000000,1.000000,0.000000,0.200000,0.000000,1.000000,1.000000,-0.000000,0.000000,0.000000,0.000000
Roko__,1.000000,1.000000,1.000000,0.000000,38764.000000,0.000000,0.000000,0.000000,15.000000,0.000000,0.000000,1.000000,0.000000,7.000000,2.000000,0.000000,0.214286,0.000000,1.000000,1.000000,-0.000000,0.000000,0.000000,0.000000
Sam-I-Am56,1.000000,1.000000,1.000000,0.000000,34859.000000,0.000000,0.000000,0.000000,10.000000,0.000000,0.000000,1.000000,0.000000,4.500000,2.000000,0.000000,0.333333,0.000000,1.000000,1.000000,-0.000000,0.000000,0.000000,0.000000
ScienceNmagic,1.000000,1.000000,1.000000,0.000000,35730.000000,0.000000,0.000000,0.000000,17.000000,0.000000,0.000000,1.000000,0.000000,5.000000,3.000000,0.000000,0.200000,0.000000,1.000000,1.000000,-0.000000,0.000000,0.000000,0.000000
Secure-Village-1768,1.000000,1.000000,1.000000,0.000000,40009.000000,0.000000,0.000000,0.000000,21.000000,0.000000,0.000000,1.000000,0.000000,4.500000,4.000000,0.000000,0.111111,0.000000,1.000000,1.000000,-0.000000,0.000000,0.000000,0.000000
Shoddy-Beginning810,1.000000,1.000000,1.000000,0.000000,34724.000000,0.000000,0.000000,0.000000,15.000000,0.000000,0.000000,1.000000,0.000000,7.000000,2.000000,0.000000,0.071429,0.000000,1.000000,1.000000,-0.000000,0.000000,0.000000,0.000000
Sky_1502,1.000000,1.000000,1.000000,0.000000,35123.000000,0.000000,0.000000,0.000000,9.000000,0.000000,0.000000,1.000000,0.000000,4.000000,2.000000,0.000000,0.250000,0.000000,1.000000,1.000000,-0.000000,0.000000,0.000000,0.000000
Snaggl3t00t4,1.000000,1.000000,1.000000,0.000000,39786.000000,0.000000,0.000000,0.000000,29.000000,0.000000,0.000000,1.000000,0.000000,6.500000,4.000000,0.000000,0.153846,0.000000,1.000000,1.000000,-0.000000,0.000000,0.000000,0.000000
Sno_Wolf,1.000000,1.000000,1.000000,0.000000,37857.000000,0.000000,0.000000,0.000000,32.000000,0.000000,0.000000,1.000000,0.000000,7.000000,4.000000,0.031250,0.392857,0.000000,1.000000,1.000000,-0.000000,0.000000,0.000000,0.000000
Snoo83081,1.000000,1.000000,1.000000,0.000000,37736.000000,0.000000,0.000000,0.000000,14.000000,0.000000,0.000000,1.000000,0.000000,4.000000,3.000000,0.000000,0.166667,0.000000,1.000000,1.000000,-0.000000,0.000000,0.000000,0.000000
Soyakongen,1.000000,1.000000,1.000000,0.000000,33942.000000,0.000000,0.000000,0.000000,28.000000,0.000000,0.000000,1.000000,0.000000,4.800000,5.000000,0.000000,0.208333,0.000000,1.000000,1.000000,-0.000000,0.000000,0.000000,0.000000
SpaceCancer0,1.000000,1.000000,1.000000,0.000000,40505.000000,0.000000,0.000000,0.000000,16.000000,0.000000,0.000000,1.000000,0.000000,7.500000,2.000000,0.000000,0.266667,0.000000,1.000000,1.000000,-0.000000,0.000000,0.000000,0.000000
SparkleBella22,1.000000,1.000000,1.000000,0.000000,33568.000000,0.000000,0.000000,0.000000,25.000000,0.000000,0.000000,1.000000,0.000000,3.333333,6.000000,0.000000,0.150000,0.000000,1.000000,1.000000,-0.000000,0.000000,0.000000,0.000000
SpiketheFox32,1.000000,1.000000,1.000000,0.000000,39569.000000,0.000000,0.000000,0.000000,11.000000,0.000000,0.000000,1.000000,0.000000,5.000000,2.000000,0.000000,0.200000,0.000000,1.000000,1.000000,-0.000000,0.000000,0.000000,0.000000
Spinoza42,1.000000,1.000000,1.000000,0.000000,40010.000000,0.000000,0.000000,0.000000,50.000000,0.000000,0.000000,1.000000,0.000000,3.272727,5.500000,0.100000,0.029412,0.000000,1.000000,1.000000,-0.000000,0.000000,0.000000,0.000000
StacyWithoutAnE,1.000000,1.000000,1.000000,0.000000,37496.000000,0.000000,0.000000,0.000000,339.000000,0.000000,0.000000,1.000000,0.000000,4.559322,9.833333,0.038348,0.037175,0.000000,1.000000,1.000000,-0.000000,0.000000,0.000000,0.000000
Stegtastic100,1.000000,1.000000,1.000000,0.000000,37230.000000,0.000000,0.000000,0.000000,74.000000,0.000000,0.000000,1.000000,0.000000,4.214286,7.000000,0.027027,0.101695,0.000000,1.000000,1.000000,-0.000000,0.000000,0.000000,0.000000
Stephen_Dann,1.000000,1.000000,1.000000,0.000000,37278.000000,0.000000,0.000000,0.000000,97.000000,0.000000,0.000000,1.000000,0.000000,4.333333,18.000000,0.000000,0.076923,0.000000,1.000000,1.000000,-0.000000,0.000000,0.000000,0.000000
StrictViolation,1.000000,1.000000,1.000000,0.000000,36715.000000,0.000000,0.000000,0.000000,20.000000,0.000000,0.000000,1.000000,0.000000,3.750000,4.000000,0.000000,0.066667,0.000000,1.000000,1.000000,-0.000000,0.000000,0.000000,0.000000
StudioKOP,1.000000,1.000000,1.000000,0.000000,39912.000000,0.000000,0.000000,0.000000,105.000000,0.000000,0.000000,1.000000,0.000000,4.500000,18.000000,0.028571,0.123457,0.000000,1.000000,1.000000,-0.000000,0.000000,0.000000,0.000000
Subtleabuse,1.000000,1.000000,1.000000,0.000000,39766.000000,0.000000,0.000000,0.000000,13.000000,0.000000,0.000000,1.000000,0.000000,6.000000,2.000000,0.000000,0.083333,0.000000,1.000000,1.000000,-0.000000,0.000000,0.000000,0.000000
SuccessfulMumenRider,1.000000,1.000000,1.000000,0.000000,40121.000000,0.000000,0.000000,0.000000,16.000000,0.000000,0.000000,1.000000,0.000000,7.500000,2.000000,0.000000,0.200000,0.000000,1.000000,1.000000,-0.000000,0.000000,0.000000,0.000000
SushiGuacDNA,1.000000,1.000000,1.000000,0.000000,37391.000000,0.000000,0.000000,0.000000,17.000000,0.000000,0.000000,1.000000,0.000000,7.500000,2.000000,0.058824,0.200000,0.000000,1.000000,1.000000,-0.000000,0.000000,0.000000,0.000000
TDYDave2,1.000000,1.000000,1.000000,0.000000,38967.000000,0.000000,0.000000,0.000000,16.000000,0.000000,0.000000,1.000000,0.000000,7.500000,2.000000,0.000000,0.200000,0.000000,1.000000,1.000000,-0.000000,0.000000,0.000000,0.000000
TechStumbler,1.000000,1.000000,1.000000,0.000000,39716.000000,0.000000,0.000000,0.000000,3.000000,0.000000,0.000000,1.000000,0.000000,3.000000,1.000000,0.000000,0.333333,0.000000,1.000000,1.000000,-0.000000,0.000000,0.000000,0.000000
That_Yvar,1.000000,1.000000,1.000000,0.000000,33120.000000,0.000000,0.000000,0.000000,29.000000,0.000000,0.000000,1.000000,0.000000,5.000000,5.000000,0.000000,0.160000,0.000000,1.000000,1.000000,-0.000000,0.000000,0.000000,0.000000
beagle182,1.000000,1.000000,1.000000,0.000000,36570.000000,0.000000,0.000000,0.000000,14.000000,0.000000,0.000000,1.000000,0.000000,4.000000,3.000000,0.000000,0.083333,0.000000,1.000000,1.000000,-0.000000,0.000000,0.000000,0.000000
TheProphetDave,1.000000,1.000000,1.000000,0.000000,40209.000000,0.000000,0.000000,0.000000,23.000000,0.000000,0.000000,1.000000,0.000000,3.000000,6.000000,0.000000,0.055556,0.000000,1.000000,1.000000,-0.000000,0.000000,0.000000,0.000000
TheBassMeister,1.000000,1.000000,1.000000,0.000000,37139.000000,0.000000,0.000000,0.000000,23.000000,0.000000,0.000000,1.000000,0.000000,7.000000,3.000000,0.173913,0.176471,0.000000,1.000000,1.000000,-0.000000,0.000000,0.000000,0.000000
brokenlandmine,1.000000,1.000000,1.000000,0.000000,35129.000000,0.000000,0.000000,0.000000,24.000000,0.000000,0.000000,1.000000,0.000000,7.333333,3.000000,0.000000,0.181818,0.000000,1.000000,1.000000,-0.000000,0.000000,0.000000,0.000000
beaniebee11,1.000000,1.000000,1.000000,0.000000,39218.000000,0.000000,0.000000,0.000000,66.000000,0.000000,0.000000,1.000000,0.000000,3.125000,16.000000,0.030303,0.040000,0.000000,1.000000,1.000000,-0.000000,0.000000,0.000000,0.000000
sinner237,1.000000,1.000000,1.000000,0.000000,37330.000000,0.000000,0.000000,0.000000,20.000000,0.000000,0.000000,1.000000,0.000000,4.000000,4.000000,0.050000,0.062500,0.000000,1.000000,1.000000,-0.000000,0.000000,0.000000,0.000000
mon_key_house,1.000000,1.000000,1.000000,0.000000,35538.000000,0.000000,0.000000,0.000000,40.000000,0.000000,0.000000,1.000000,0.000000,3.333333,9.000000,0.050000,0.100000,0.000000,1.000000,1.000000,-0.000000,0.000000,0.000000,0.000000
mschanandlerbong81,1.000000,1.000000,1.000000,0.000000,35375.000000,0.000000,0.000000,0.000000,16.000000,0.000000,0.000000,1.000000,0.000000,7.500000,2.000000,0.000000,0.200000,0.000000,1.000000,1.000000,-0.000000,0.000000,0.000000,0.000000
nailedtooth,1.000000,1.000000,1.000000,0.000000,35816.000000,0.000000,0.000000,0.000000,16.000000,0.000000,0.000000,1.000000,0.000000,4.000000,3.000000,0.062500,0.250000,0.000000,1.000000,1.000000,-0.000000,0.000000,0.000000,0.000000
nineteennhard,1.000000,1.000000,1.000000,0.000000,36004.000000,0.000000,0.000000,0.000000,9.000000,0.000000,0.000000,1.000000,0.000000,4.000000,2.000000,0.000000,0.250000,0.000000,1.000000,1.000000,-0.000000,0.000000,0.000000,0.000000
oirott,1.000000,1.000000,1.000000,0.000000,37821.000000,0.000000,0.000000,0.000000,20.000000,0.000000,0.000000,1.000000,0.000000,20.000000,1.000000,0.000000,0.166667,0.000000,1.000000,1.000000,-0.000000,0.000000,0.000000,0.000000
omegafatality,1.000000,1.000000,1.000000,0.000000,36558.000000,0.000000,0.000000,0.000000,64.000000,0.000000,0.000000,1.000000,0.000000,4.727273,5.500000,0.031250,0.076923,0.000000,1.000000,1.000000,-0.000000,0.000000,0.000000,0.000000
omwpacificnorthwest,1.000000,1.000000,1.000000,0.000000,38482.000000,0.000000,0.000000,0.000000,10.000000,0.000000,0.000000,1.000000,0.000000,4.500000,2.000000,0.000000,0.222222,0.000000,1.000000,1.000000,-0.000000,0.000000,0.000000,0.000000
putragease,1.000000,1.000000,1.000000,0.000000,35151.000000,0.000000,0.000000,0.000000,30.000000,0.000000,0.000000,1.000000,0.000000,6.750000,4.000000,0.000000,0.185185,0.000000,1.000000,1.000000,-0.000000,0.000000,0.000000,0.000000
pvssiprincess,1.000000,1.000000,1.000000,0.000000,38535.000000,0.000000,0.000000,0.000000,30.000000,0.000000,0.000000,1.000000,0.000000,4.166667,6.000000,0.000000,0.080000,0.000000,1.000000,1.000000,-0.000000,0.000000,0.000000,0.000000
redcurrantevents,1.000000,1.000000,1.000000,0.000000,40376.000000,0.000000,0.000000,0.000000,15.000000,0.000000,0.000000,1.000000,0.000000,4.333333,3.000000,0.000000,0.230769,0.000000,1.000000,1.000000,-0.000000,0.000000,0.000000,0.000000
rexmottram,1.000000,1.000000,1.000000,0.000000,36161.000000,0.000000,0.000000,0.000000,36.000000,0.000000,0.000000,1.000000,0.000000,4.800000,2.500000,0.111111,0.083333,0.000000,1.000000,1.000000,-0.000000,0.000000,0.000000,0.000000
roanish,1.000000,1.000000,1.000000,0.000000,33069.000000,0.000000,0.000000,0.000000,6.000000,0.000000,0.000000,1.000000,0.000000,6.000000,1.000000,0.000000,0.166667,0.000000,1.000000,1.000000,-0.000000,0.000000,0.000000,0.000000
robeye0815,1.000000,1.000000,1.000000,0.000000,37203.000000,0.000000,0.000000,0.000000,36.000000,0.000000,0.000000,1.000000,0.000000,3.625000,8.000000,0.027778,0.034483,0.000000,1.000000,1.000000,-0.000000,0.000000,0.000000,0.000000
rockb8,1.000000,1.000000,1.000000,0.000000,33471.000000,0.000000,0.000000,0.000000,35.000000,0.000000,0.000000,1.000000,0.000000,4.000000,7.000000,0.000000,0.142857,0.000000,1.000000,1.000000,-0.000000,0.000000,0.000000,0.000000
skywolfpaladin,1.000000,1.000000,1.000000,0.000000,36164.000000,0.000000,0.000000,0.000000,7.000000,0.000000,0.000000,1.000000,0.000000,6.000000,1.000000,0.142857,0.166667,0.000000,1.000000,1.000000,-0.000000,0.000000,0.000000,0.000000
beat0n_,1.000000,1.000000,1.000000,0.000000,36093.000000,0.000000,0.000000,0.000000,24.000000,0.000000,0.000000,1.000000,0.000000,7.333333,3.000000,0.041667,0.136364,0.000000,1.000000,1.000000,-0.000000,0.000000,0.000000,0.000000
slackfrop,1.000000,1.000000,1.000000,0.000000,33807.000000,0.000000,0.000000,0.000000,4.000000,0.000000,0.000000,1.000000,0.000000,4.000000,1.000000,0.000000,0.250000,0.000000,1.000000,1.000000,-0.000000,0.000000,0.000000,0.000000
splitcroof92,1.000000,1.000000,1.000000,0.000000,33153.000000,0.000000,0.000000,0.000000,84.000000,0.000000,0.000000,1.000000,0.000000,4.187500,16.000000,0.047619,0.029851,0.000000,1.000000,1.000000,-0.000000,0.000000,0.000000,0.000000
stemroach101,1.000000,1.000000,1.000000,0.000000,33368.000000,0.000000,0.000000,0.000000,26.000000,0.000000,0.000000,1.000000,0.000000,4.400000,5.000000,0.000000,0.136364,0.000000,1.000000,1.000000,-0.000000,0.000000,0.000000,0.000000
suitcasek8,1.000000,1.000000,1.000000,0.000000,36104.000000,0.000000,0.000000,0.000000,16.000000,0.000000,0.000000,1.000000,0.000000,7.500000,2.000000,0.000000,0.200000,0.000000,1.000000,1.000000,-0.000000,0.000000,0.000000,0.000000
susanbrody8,1.000000,1.000000,1.000000,0.000000,39576.000000,0.000000,0.000000,0.000000,10.000000,0.000000,0.000000,1.000000,0.000000,4.500000,2.000000,0.000000,0.222222,0.000000,1.000000,1.000000,-0.000000,0.000000,0.000000,0.000000
sydneyian1507,1.000000,1.000000,1.000000,0.000000,37807.000000,0.000000,0.000000,0.000000,9.000000,0.000000,0.000000,1.000000,0.000000,4.000000,2.000000,0.000000,0.250000,0.000000,1.000000,1.000000,-0.000000,0.000000,0.000000,0.000000
szabiy,1.000000,1.000000,1.000000,0.000000,32988.000000,0.000000,0.000000,0.000000,18.000000,0.000000,0.000000,1.000000,0.000000,8.000000,2.000000,0.055556,0.125000,0.000000,1.000000,1.000000,-0.000000,0.000000,0.000000,0.000000
thatjoeaverage,1.000000,1.000000,1.000000,0.000000,37976.000000,0.000000,0.000000,0.000000,9.000000,0.000000,0.000000,1.000000,0.000000,9.000000,1.000000,0.000000,0.111111,0.000000,1.000000,1.000000,-0.000000,0.000000,0.000000,0.000000
theonlyvajazzle,1.000000,1.000000,1.000000,0.000000,40315.000000,0.000000,0.000000,0.000000,9.000000,0.000000,0.000000,1.000000,0.000000,4.000000,2.000000,0.000000,0.125000,0.000000,1.000000,1.000000,-0.000000,0.000000,0.000000,0.000000
thr33_six_n1n3,1.000000,1.000000,1.000000,0.000000,36796.000000,0.000000,0.000000,0.000000,9.000000,0.000000,0.000000,1.000000,0.000000,4.000000,2.000000,0.000000,0.250000,0.000000,1.000000,1.000000,-0.000000,0.000000,0.000000,0.000000
unique_username_72,1.000000,1.000000,1.000000,0.000000,35470.000000,0.000000,0.000000,0.000000,24.000000,0.000000,0.000000,1.000000,0.000000,7.333333,3.000000,0.000000,0.136364,0.000000,1.000000,1.000000,-0.000000,0.000000,0.000000,0.000000
upior47,1.000000,1.000000,1.000000,0.000000,35805.000000,0.000000,0.000000,0.000000,8.000000,0.000000,0.000000,1.000000,0.000000,3.500000,2.000000,0.000000,0.285714,0.000000,1.000000,1.000000,-0.000000,0.000000,0.000000,0.000000
w1ldSeraph,1.000000,1.000000,1.000000,0.000000,35172.000000,0.000000,0.000000,0.000000,5.000000,0.000000,0.000000,1.000000,0.000000,5.000000,1.000000,0.000000,0.200000,0.000000,1.000000,1.000000,-0.000000,0.000000,0.000000,0.000000
yaelfitzy,1.000000,1.000000,1.000000,0.000000,33311.000000,0.000000,0.000000,0.000000,5.000000,0.000000,0.000000,1.000000,0.000000,5.000000,1.000000,0.000000,0.200000,0.000000,1.000000,1.000000,-0.000000,0.000000,0.000000,0.000000
melawfu,1.000000,1.000000,1.000000,0.000000,39891.000000,0.000000,0.000000,0.000000,21.000000,0.000000,0.000000,1.000000,0.000000,6.333333,1.500000,0.047619,0.052632,0.000000,1.000000,1.000000,-0.000000,0.000000,0.000000,0.000000
meerkat-14,1.000000,1.000000,1.000000,0.000000,39679.000000,0.000000,0.000000,0.000000,121.000000,0.000000,0.000000,1.000000,0.000000,3.214286,14.000000,0.049587,0.069767,0.000000,1.000000,1.000000,-0.000000,0.000000,0.000000,0.000000
mbell300,1.000000,1.000000,1.000000,0.000000,33759.000000,0.000000,0.000000,0.000000,103.000000,0.000000,0.000000,1.000000,0.000000,4.368421,9.500000,0.019417,0.036145,0.000000,1.000000,1.000000,-0.000000,0.000000,0.000000,0.000000
luciform44,1.000000,1.000000,1.000000,0.000000,33209.000000,0.000000,0.000000,0.000000,4.000000,0.000000,0.000000,1.000000,0.000000,4.000000,1.000000,0.000000,0.250000,0.000000,1.000000,1.000000,-0.000000,0.000000,0.000000,0.000000
beflacktor,1.000000,1.000000,1.000000,0.000000,39288.000000,0.000000,0.000000,0.000000,35.000000,0.000000,0.000000,1.000000,0.000000,3.285714,3.500000,0.142857,0.000000,0.000000,1.000000,1.000000,-0.000000,0.000000,0.000000,0.000000
bm_preston,1.000000,1.000000,1.000000,0.000000,34825.000000,0.000000,0.000000,0.000000,57.000000,0.000000,0.000000,1.000000,0.000000,4.666667,3.000000,0.035088,0.142857,0.000000,1.000000,1.000000,-0.000000,0.000000,0.000000,0.000000
PvtBaldrick,1.000000,1.000000,1.000000,0.000000,36395.000000,0.000000,0.000000,0.000000,41.000000,0.000000,0.000000,1.000000,0.000000,3.875000,8.000000,0.073171,0.161290,0.000000,1.000000,1.000000,-0.000000,0.000000,0.000000,0.000000
brtbr-rah99,1.000000,1.000000,1.000000,0.000000,39613.000000,0.000000,0.000000,0.000000,11.000000,0.000000,0.000000,1.000000,0.000000,5.000000,2.000000,0.000000,0.200000,0.000000,1.000000,1.000000,-0.000000,0.000000,0.000000,0.000000
callisstaa,1.000000,1.000000,1.000000,0.000000,35099.000000,0.000000,0.000000,0.000000,12.000000,0.000000,0.000000,1.000000,0.000000,5.500000,2.000000,0.000000,0.181818,0.000000,1.000000,1.000000,-0.000000,0.000000,0.000000,0.000000
chopthedinosaurdad,1.000000,1.000000,1.000000,0.000000,36887.000000,0.000000,0.000000,0.000000,18.000000,0.000000,0.000000,1.000000,0.000000,3.750000,4.000000,0.000000,0.266667,0.000000,1.000000,1.000000,-0.000000,0.000000,0.000000,0.000000
craigus17,1.000000,1.000000,1.000000,0.000000,36209.000000,0.000000,0.000000,0.000000,58.000000,0.000000,0.000000,1.000000,0.000000,3.916667,12.000000,0.000000,0.021277,0.000000,1.000000,1.000000,-0.000000,0.000000,0.000000,0.000000
crowjack,1.000000,1.000000,1.000000,0.000000,33185.000000,0.000000,0.000000,0.000000,5.000000,0.000000,0.000000,1.000000,0.000000,5.000000,1.000000,0.000000,0.200000,0.000000,1.000000,1.000000,-0.000000,0.000000,0.000000,0.000000
danfay222,1.000000,1.000000,1.000000,0.000000,39494.000000,0.000000,0.000000,0.000000,39.000000,0.000000,0.000000,1.000000,0.000000,4.428571,7.000000,0.000000,0.032258,0.000000,1.000000,1.000000,-0.000000,0.000000,0.000000,0.000000
danibuyy,1.000000,1.000000,1.000000,0.000000,36404.000000,0.000000,0.000000,0.000000,10.000000,0.000000,0.000000,1.000000,0.000000,4.500000,2.000000,0.000000,0.222222,0.000000,1.000000,1.000000,-0.000000,0.000000,0.000000,0.000000
draxenato,1.000000,1.000000,1.000000,0.000000,33552.000000,0.000000,0.000000,0.000000,16.000000,0.000000,0.000000,1.000000,0.000000,7.500000,2.000000,0.000000,0.200000,0.000000,1.000000,1.000000,-0.000000,0.000000,0.000000,0.000000
dzzi,1.000000,1.000000,1.000000,0.000000,38386.000000,0.000000,0.000000,0.000000,19.000000,0.000000,0.000000,1.000000,0.000000,5.666667,3.000000,0.000000,0.176471,0.000000,1.000000,1.000000,-0.000000,0.000000,0.000000,0.000000
eezgorriseadback,1.000000,1.000000,1.000000,0.000000,40257.000000,0.000000,0.000000,0.000000,44.000000,0.000000,0.000000,1.000000,0.000000,3.400000,10.000000,0.022727,0.235294,0.000000,1.000000,1.000000,-0.000000,0.000000,0.000000,0.000000
esturbio,1.000000,1.000000,1.000000,0.000000,35370.000000,0.000000,0.000000,0.000000,12.000000,0.000000,0.000000,1.000000,0.000000,5.500000,2.000000,0.000000,0.181818,0.000000,1.000000,1.000000,-0.000000,0.000000,0.000000,0.000000
fellaD,1.000000,1.000000,1.000000,0.000000,32783.000000,0.000000,0.000000,0.000000,15.000000,0.000000,0.000000,1.000000,0.000000,4.333333,3.000000,0.000000,0.230769,0.000000,1.000000,1.000000,-0.000000,0.000000,0.000000,0.000000
futerminator,1.000000,1.000000,1.000000,0.000000,40324.000000,0.000000,0.000000,0.000000,16.000000,0.000000,0.000000,1.000000,0.000000,7.500000,2.000000,0.000000,0.266667,0.000000,1.000000,1.000000,-0.000000,0.000000,0.000000,0.000000
general-waster,1.000000,1.000000,1.000000,0.000000,36493.000000,0.000000,0.000000,0.000000,16.000000,0.000000,0.000000,1.000000,0.000000,7.500000,2.000000,0.000000,0.200000,0.000000,1.000000,1.000000,-0.000000,0.000000,0.000000,0.000000
gingermonkey1,1.000000,1.000000,1.000000,0.000000,33662.000000,0.000000,0.000000,0.000000,37.000000,0.000000,0.000000,1.000000,0.000000,3.625000,8.000000,0.027027,0.034483,0.000000,1.000000,1.000000,-0.000000,0.000000,0.000000,0.000000
greutskolet,1.000000,1.000000,1.000000,0.000000,39103.000000,0.000000,0.000000,0.000000,15.000000,0.000000,0.000000,1.000000,0.000000,7.000000,2.000000,0.000000,0.071429,0.000000,1.000000,1.000000,-0.000000,0.000000,0.000000,0.000000
gtripwood,1.000000,1.000000,1.000000,0.000000,37428.000000,0.000000,0.000000,0.000000,8.000000,0.000000,0.000000,1.000000,0.000000,3.500000,2.000000,0.000000,0.285714,0.000000,1.000000,1.000000,-0.000000,0.000000,0.000000,0.000000
hPisti,1.000000,1.000000,1.000000,0.000000,40356.000000,0.000000,0.000000,0.000000,5.000000,0.000000,0.000000,1.000000,0.000000,4.000000,1.000000,0.200000,0.250000,0.000000,1.000000,1.000000,-0.000000,0.000000,0.000000,0.000000
hlebicite,1.000000,1.000000,1.000000,0.000000,34733.000000,0.000000,0.000000,0.000000,8.000000,0.000000,0.000000,1.000000,0.000000,8.000000,1.000000,0.000000,0.125000,0.000000,1.000000,1.000000,-0.000000,0.000000,0.000000,0.000000
hoganpaul,1.000000,1.000000,1.000000,0.000000,32766.000000,0.000000,0.000000,0.000000,8.000000,0.000000,0.000000,1.000000,0.000000,8.000000,1.000000,0.000000,0.125000,0.000000,1.000000,1.000000,-0.000000,0.000000,0.000000,0.000000
ianishomer,1.000000,1.000000,1.000000,0.000000,39553.000000,0.000000,0.000000,0.000000,11.000000,0.000000,0.000000,1.000000,0.000000,3.000000,3.000000,0.090909,0.333333,0.000000,1.000000,1.000000,-0.000000,0.000000,0.000000,0.000000
itsanonstopdisco,1.000000,1.000000,1.000000,0.000000,33683.000000,0.000000,0.000000,0.000000,17.000000,0.000000,0.000000,1.000000,0.000000,5.000000,3.000000,0.000000,0.200000,0.000000,1.000000,1.000000,-0.000000,0.000000,0.000000,0.000000
jdawbrown,1.000000,1.000000,1.000000,0.000000,38600.000000,0.000000,0.000000,0.000000,7.000000,0.000000,0.000000,1.000000,0.000000,3.000000,2.000000,0.000000,0.333333,0.000000,1.000000,1.000000,-0.000000,0.000000,0.000000,0.000000
kahinn1995lam,1.000000,1.000000,1.000000,0.000000,33390.000000,0.000000,0.000000,0.000000,24.000000,0.000000,0.000000,1.000000,0.000000,4.750000,4.000000,0.000000,0.052632,0.000000,1.000000,1.000000,-0.000000,0.000000,0.000000,0.000000
kupimukki,1.000000,1.000000,1.000000,0.000000,37926.000000,0.000000,0.000000,0.000000,85.000000,0.000000,0.000000,1.000000,0.000000,4.187500,8.000000,0.035294,0.044776,0.000000,1.000000,1.000000,-0.000000,0.000000,0.000000,0.000000
litt_ttil,1.000000,1.000000,1.000000,0.000000,38551.000000,0.000000,0.000000,0.000000,125.000000,0.000000,0.000000,1.000000,0.000000,3.880000,12.500000,0.040000,0.092784,0.000000,1.000000,1.000000,-0.000000,0.000000,0.000000,0.000000
QueenCobra91,1.000000,1.000000,1.000000,0.000000,33714.000000,0.000000,0.000000,0.000000,8.000000,0.000000,0.000000,1.000000,0.000000,3.500000,2.000000,0.000000,0.428571,0.000000,1.000000,1.000000,-0.000000,0.000000,0.000000,0.000000
PrimaryCoach861,1.000000,1.000000,1.000000,0.000000,39232.000000,0.000000,0.000000,0.000000,4.000000,0.000000,0.000000,1.000000,0.000000,4.000000,1.000000,0.000000,0.250000,0.000000,1.000000,1.000000,-0.000000,0.000000,0.000000,0.000000
PsychologicalDebt366,1.000000,1.000000,1.000000,0.000000,39883.000000,0.000000,0.000000,0.000000,11.000000,0.000000,0.000000,1.000000,0.000000,5.000000,2.000000,0.000000,0.200000,0.000000,1.000000,1.000000,-0.000000,0.000000,0.000000,0.000000
Dur4lex,1.000000,1.000000,1.000000,0.000000,32928.000000,0.000000,0.000000,0.000000,38.000000,0.000000,0.000000,1.000000,0.000000,3.875000,8.000000,0.000000,0.129032,0.000000,1.000000,1.000000,-0.000000,0.000000,0.000000,0.000000
Crimsyndevil,1.000000,1.000000,1.000000,0.000000,35453.000000,0.000000,0.000000,0.000000,78.000000,0.000000,0.000000,1.000000,0.000000,5.250000,6.000000,0.051282,0.047619,0.000000,1.000000,1.000000,-0.000000,0.000000,0.000000,0.000000
DancesWithHoofs,1.000000,1.000000,1.000000,0.000000,39445.000000,0.000000,0.000000,0.000000,5.000000,0.000000,0.000000,1.000000,0.000000,5.000000,1.000000,0.000000,0.200000,0.000000,1.000000,1.000000,-0.000000,0.000000,0.000000,0.000000
Dapper_Special_8587,1.000000,1.000000,1.000000,0.000000,36432.000000,0.000000,0.000000,0.000000,55.000000,0.000000,0.000000,1.000000,0.000000,6.000000,8.000000,0.000000,0.229167,0.000000,1.000000,1.000000,-0.000000,0.000000,0.000000,0.000000
DejaEntenduOne,1.000000,1.000000,1.000000,0.000000,38716.000000,0.000000,0.000000,0.000000,6.000000,0.000000,0.000000,1.000000,0.000000,6.000000,1.000000,0.000000,0.166667,0.000000,1.000000,1.000000,-0.000000,0.000000,0.000000,0.000000
Delhi_3864,1.000000,1.000000,1.000000,0.000000,34922.000000,0.000000,0.000000,0.000000,14.000000,0.000000,0.000000,1.000000,0.000000,6.500000,2.000000,0.000000,0.153846,0.000000,1.000000,1.000000,-0.000000,0.000000,0.000000,0.000000
Demigans,1.000000,1.000000,1.000000,0.000000,34326.000000,0.000000,0.000000,0.000000,26.000000,0.000000,0.000000,1.000000,0.000000,5.500000,2.000000,0.038462,0.090909,0.000000,1.000000,1.000000,-0.000000,0.000000,0.000000,0.000000
DisinterestedHandjob,1.000000,1.000000,1.000000,0.000000,37203.000000,0.000000,0.000000,0.000000,9.000000,0.000000,0.000000,1.000000,0.000000,8.000000,1.000000,0.111111,0.125000,0.000000,1.000000,1.000000,-0.000000,0.000000,0.000000,0.000000
Dizzy-Supermarket554,1.000000,1.000000,1.000000,0.000000,39419.000000,0.000000,0.000000,0.000000,17.000000,0.000000,0.000000,1.000000,0.000000,5.000000,3.000000,0.000000,0.200000,0.000000,1.000000,1.000000,-0.000000,0.000000,0.000000,0.000000
Dizzy_Cheesecake_162,1.000000,1.000000,1.000000,0.000000,40362.000000,0.000000,0.000000,0.000000,16.000000,0.000000,0.000000,1.000000,0.000000,4.333333,3.000000,0.062500,0.230769,0.000000,1.000000,1.000000,-0.000000,0.000000,0.000000,0.000000
Doboy94,1.000000,1.000000,1.000000,0.000000,36564.000000,0.000000,0.000000,0.000000,12.000000,0.000000,0.000000,1.000000,0.000000,5.500000,2.000000,0.000000,0.090909,0.000000,1.000000,1.000000,-0.000000,0.000000,0.000000,0.000000
Dovecote2,1.000000,1.000000,1.000000,0.000000,33237.000000,0.000000,0.000000,0.000000,37.000000,0.000000,0.000000,1.000000,0.000000,4.428571,7.000000,0.000000,0.161290,0.000000,1.000000,1.000000,-0.000000,0.000000,0.000000,0.000000
Drnstvns,1.000000,1.000000,1.000000,0.000000,40131.000000,0.000000,0.000000,0.000000,7.000000,0.000000,0.000000,1.000000,0.000000,7.000000,1.000000,0.000000,0.142857,0.000000,1.000000,1.000000,-0.000000,0.000000,0.000000,0.000000
DrunkStoleATank,1.000000,1.000000,1.000000,0.000000,37830.000000,0.000000,0.000000,0.000000,25.000000,0.000000,0.000000,1.000000,0.000000,4.200000,5.000000,0.000000,0.238095,0.000000,1.000000,1.000000,-0.000000,0.000000,0.000000,0.000000
Due_Ad_7579,1.000000,1.000000,1.000000,0.000000,39952.000000,0.000000,0.000000,0.000000,8.000000,0.000000,0.000000,1.000000,0.000000,3.500000,2.000000,0.000000,0.285714,0.000000,1.000000,1.000000,-0.000000,0.000000,0.000000,0.000000
Effective_Dust_177,1.000000,1.000000,1.000000,0.000000,39528.000000,0.000000,0.000000,0.000000,18.000000,0.000000,0.000000,1.000000,0.000000,5.000000,3.000000,0.055556,0.133333,0.000000,1.000000,1.000000,-0.000000,0.000000,0.000000,0.000000
Connect-Ladder3749,1.000000,1.000000,1.000000,0.000000,38028.000000,0.000000,0.000000,0.000000,19.000000,0.000000,0.000000,1.000000,0.000000,5.666667,3.000000,0.000000,0.117647,0.000000,1.000000,1.000000,-0.000000,0.000000,0.000000,0.000000
Emceesam,1.000000,1.000000,1.000000,0.000000,39215.000000,0.000000,0.000000,0.000000,182.000000,0.000000,0.000000,1.000000,0.000000,4.593750,16.000000,0.021978,0.034014,0.000000,1.000000,1.000000,-0.000000,0.000000,0.000000,0.000000
Entreloup,1.000000,1.000000,1.000000,0.000000,37016.000000,0.000000,0.000000,0.000000,28.000000,0.000000,0.000000,1.000000,0.000000,8.666667,3.000000,0.000000,0.192308,0.000000,1.000000,1.000000,-0.000000,0.000000,0.000000,0.000000
FacticiousFict,1.000000,1.000000,1.000000,0.000000,39482.000000,0.000000,0.000000,0.000000,95.000000,0.000000,0.000000,1.000000,0.000000,3.684211,19.000000,0.073684,0.123077,0.000000,1.000000,1.000000,-0.000000,0.000000,0.000000,0.000000
FailedCanadian,1.000000,1.000000,1.000000,0.000000,39693.000000,0.000000,0.000000,0.000000,37.000000,0.000000,0.000000,1.000000,0.000000,3.111111,9.000000,0.081081,0.035714,0.000000,1.000000,1.000000,-0.000000,0.000000,0.000000,0.000000
Few_Dog7603,1.000000,1.000000,1.000000,0.000000,34127.000000,0.000000,0.000000,0.000000,16.000000,0.000000,0.000000,1.000000,0.000000,7.500000,2.000000,0.000000,0.200000,0.000000,1.000000,1.000000,-0.000000,0.000000,0.000000,0.000000
Filth_01,1.000000,1.000000,1.000000,0.000000,34301.000000,0.000000,0.000000,0.000000,17.000000,0.000000,0.000000,1.000000,0.000000,5.000000,3.000000,0.000000,0.200000,0.000000,1.000000,1.000000,-0.000000,0.000000,0.000000,0.000000
ForestFungus,1.000000,1.000000,1.000000,0.000000,39241.000000,0.000000,0.000000,0.000000,174.000000,0.000000,0.000000,1.000000,0.000000,4.343750,16.000000,0.022989,0.043165,0.000000,1.000000,1.000000,-0.000000,0.000000,0.000000,0.000000
FrankFnRizzo,1.000000,1.000000,1.000000,0.000000,33384.000000,0.000000,0.000000,0.000000,26.000000,0.000000,0.000000,1.000000,0.000000,8.000000,3.000000,0.000000,0.125000,0.000000,1.000000,1.000000,-0.000000,0.000000,0.000000,0.000000
FreonJunkie96,1.000000,1.000000,1.000000,0.000000,38887.000000,0.000000,0.000000,0.000000,16.000000,0.000000,0.000000,1.000000,0.000000,7.500000,2.000000,0.000000,0.200000,0.000000,1.000000,1.000000,-0.000000,0.000000,0.000000,0.000000
Fuhgaws,1.000000,1.000000,1.000000,0.000000,34961.000000,0.000000,0.000000,0.000000,7.000000,0.000000,0.000000,1.000000,0.000000,3.000000,2.000000,0.000000,0.333333,0.000000,1.000000,1.000000,-0.000000,0.000000,0.000000,0.000000
FutureUpbeat2092,1.000000,1.000000,1.000000,0.000000,38236.000000,0.000000,0.000000,0.000000,10.000000,0.000000,0.000000,1.000000,0.000000,4.500000,2.000000,0.000000,0.222222,0.000000,1.000000,1.000000,-0.000000,0.000000,0.000000,0.000000
GIMME_DA_ALIEN,1.000000,1.000000,1.000000,0.000000,36656.000000,0.000000,0.000000,0.000000,106.000000,0.000000,0.000000,1.000000,0.000000,5.125000,5.333333,0.084906,0.182927,0.000000,1.000000,1.000000,-0.000000,0.000000,0.000000,0.000000
Ghost9f,1.000000,1.000000,1.000000,0.000000,36615.000000,0.000000,0.000000,0.000000,7.000000,0.000000,0.000000,1.000000,0.000000,6.000000,1.000000,0.142857,0.166667,0.000000,1.000000,1.000000,-0.000000,0.000000,0.000000,0.000000
Gingerishidiot,1.000000,1.000000,1.000000,0.000000,33254.000000,0.000000,0.000000,0.000000,54.000000,0.000000,0.000000,1.000000,0.000000,3.333333,12.000000,0.074074,0.075000,0.000000,1.000000,1.000000,-0.000000,0.000000,0.000000,0.000000
Crawdaddy64,1.000000,1.000000,1.000000,0.000000,34084.000000,0.000000,0.000000,0.000000,18.000000,0.000000,0.000000,1.000000,0.000000,5.333333,3.000000,0.000000,0.125000,0.000000,1.000000,1.000000,-0.000000,0.000000,0.000000,0.000000
Commercial_Ball5624,1.000000,1.000000,1.000000,0.000000,39739.000000,0.000000,0.000000,0.000000,13.000000,0.000000,0.000000,1.000000,0.000000,3.666667,3.000000,0.076923,0.181818,0.000000,1.000000,1.000000,-0.000000,0.000000,0.000000,0.000000
GloomyUmpire2146,1.000000,1.000000,1.000000,0.000000,36548.000000,0.000000,0.000000,0.000000,3.000000,0.000000,0.000000,1.000000,0.000000,3.000000,1.000000,0.000000,0.333333,0.000000,1.000000,1.000000,-0.000000,0.000000,0.000000,0.000000
BasenjiMaster,1.000000,1.000000,1.000000,0.000000,40209.000000,0.000000,0.000000,0.000000,14.000000,0.000000,0.000000,1.000000,0.000000,6.500000,2.000000,0.000000,0.153846,0.000000,1.000000,1.000000,-0.000000,0.000000,0.000000,0.000000
0zi1,1.000000,1.000000,1.000000,0.000000,36083.000000,0.000000,0.000000,0.000000,9.000000,0.000000,0.000000,1.000000,0.000000,4.000000,2.000000,0.000000,0.250000,0.000000,1.000000,1.000000,-0.000000,0.000000,0.000000,0.000000
21archman21,1.000000,1.000000,1.000000,0.000000,37918.000000,0.000000,0.000000,0.000000,5.000000,0.000000,0.000000,1.000000,0.000000,4.000000,1.000000,0.200000,0.250000,0.000000,1.000000,1.000000,-0.000000,0.000000,0.000000,0.000000
6FtAboveGround,1.000000,1.000000,1.000000,0.000000,37342.000000,0.000000,0.000000,0.000000,33.000000,0.000000,0.000000,1.000000,0.000000,4.666667,6.000000,0.000000,0.178571,0.000000,1.000000,1.000000,-0.000000,0.000000,0.000000,0.000000
74389654,1.000000,1.000000,1.000000,0.000000,32785.000000,0.000000,0.000000,0.000000,7.000000,0.000000,0.000000,1.000000,0.000000,7.000000,1.000000,0.000000,0.000000,0.000000,1.000000,1.000000,-0.000000,0.000000,0.000000,0.000000
7_11_Nation_Army,1.000000,1.000000,1.000000,0.000000,36694.000000,0.000000,0.000000,0.000000,4.000000,0.000000,0.000000,1.000000,0.000000,4.000000,1.000000,0.000000,0.250000,0.000000,1.000000,1.000000,-0.000000,0.000000,0.000000,0.000000
Accomplished-Ad8458,1.000000,1.000000,1.000000,0.000000,34815.000000,0.000000,0.000000,0.000000,18.000000,0.000000,0.000000,1.000000,0.000000,5.333333,3.000000,0.000000,0.187500,0.000000,1.000000,1.000000,-0.000000,0.000000,0.000000,0.000000
Acrylic_Starshine,1.000000,1.000000,1.000000,0.000000,34193.000000,0.000000,0.000000,0.000000,18.000000,0.000000,0.000000,1.000000,0.000000,5.333333,3.000000,0.000000,0.187500,0.000000,1.000000,1.000000,-0.000000,0.000000,0.000000,0.000000
Agente_Anaranjado,1.000000,1.000000,1.000000,0.000000,38139.000000,0.000000,0.000000,0.000000,15.000000,0.000000,0.000000,1.000000,0.000000,4.333333,3.000000,0.000000,0.230769,0.000000,1.000000,1.000000,-0.000000,0.000000,0.000000,0.000000
AggressiveSalad2311,1.000000,1.000000,1.000000,0.000000,39126.000000,0.000000,0.000000,0.000000,15.000000,0.000000,0.000000,1.000000,0.000000,3.000000,2.000000,0.066667,0.363636,0.000000,1.000000,1.000000,-0.000000,0.000000,0.000000,0.000000
Ambitious-Pirate-505,1.000000,1.000000,1.000000,0.000000,35943.000000,0.000000,0.000000,0.000000,9.000000,0.000000,0.000000,1.000000,0.000000,4.000000,2.000000,0.000000,0.250000,0.000000,1.000000,1.000000,-0.000000,0.000000,0.000000,0.000000
Arbetarklassen,1.000000,1.000000,1.000000,0.000000,38088.000000,0.000000,0.000000,0.000000,18.000000,0.000000,0.000000,1.000000,0.000000,8.500000,2.000000,0.000000,0.117647,0.000000,1.000000,1.000000,-0.000000,0.000000,0.000000,0.000000
Aristotallost,1.000000,1.000000,1.000000,0.000000,34262.000000,0.000000,0.000000,0.000000,15.000000,0.000000,0.000000,1.000000,0.000000,7.000000,2.000000,0.000000,0.214286,0.000000,1.000000,1.000000,-0.000000,0.000000,0.000000,0.000000
BDiddy_420,1.000000,1.000000,1.000000,0.000000,39981.000000,0.000000,0.000000,0.000000,6.000000,0.000000,0.000000,1.000000,0.000000,6.000000,1.000000,0.000000,0.166667,0.000000,1.000000,1.000000,-0.000000,0.000000,0.000000,0.000000
Backstreetgirl37,1.000000,1.000000,1.000000,0.000000,34448.000000,0.000000,0.000000,0.000000,19.000000,0.000000,0.000000,1.000000,0.000000,5.000000,1.500000,0.105263,0.266667,0.000000,1.000000,1.000000,-0.000000,0.000000,0.000000,0.000000
BavariaBeast,1.000000,1.000000,1.000000,0.000000,38460.000000,0.000000,0.000000,0.000000,28.000000,0.000000,0.000000,1.000000,0.000000,8.333333,3.000000,0.035714,0.120000,0.000000,1.000000,1.000000,-0.000000,0.000000,0.000000,0.000000
CharacterComposer952,1.000000,1.000000,1.000000,0.000000,34737.000000,0.000000,0.000000,0.000000,9.000000,0.000000,0.000000,1.000000,0.000000,4.000000,2.000000,0.000000,0.250000,0.000000,1.000000,1.000000,-0.000000,0.000000,0.000000,0.000000
Beneficial_Cry_2584,1.000000,1.000000,1.000000,0.000000,39408.000000,0.000000,0.000000,0.000000,7.000000,0.000000,0.000000,1.000000,0.000000,7.000000,1.000000,0.000000,0.142857,0.000000,1.000000,1.000000,-0.000000,0.000000,0.000000,0.000000
Big-Razzmatazz2473,1.000000,1.000000,1.000000,0.000000,36054.000000,0.000000,0.000000,0.000000,32.000000,0.000000,0.000000,1.000000,0.000000,3.571429,7.000000,0.000000,0.200000,0.000000,1.000000,1.000000,-0.000000,0.000000,0.000000,0.000000
Bl0wUpTheM00n,1.000000,1.000000,1.000000,0.000000,36977.000000,0.000000,0.000000,0.000000,84.000000,0.000000,0.000000,1.000000,0.000000,3.647059,8.500000,0.023810,0.080645,0.000000,1.000000,1.000000,-0.000000,0.000000,0.000000,0.000000
BonezOz,1.000000,1.000000,1.000000,0.000000,34192.000000,0.000000,0.000000,0.000000,56.000000,0.000000,0.000000,1.000000,0.000000,3.727273,11.000000,0.035714,0.195122,0.000000,1.000000,1.000000,-0.000000,0.000000,0.000000,0.000000
Boonatix,1.000000,1.000000,1.000000,0.000000,37928.000000,0.000000,0.000000,0.000000,8.000000,0.000000,0.000000,1.000000,0.000000,3.500000,2.000000,0.000000,0.285714,0.000000,1.000000,1.000000,-0.000000,0.000000,0.000000,0.000000
Broccoli--Enthusiast,1.000000,1.000000,1.000000,0.000000,35736.000000,0.000000,0.000000,0.000000,9.000000,0.000000,0.000000,1.000000,0.000000,9.000000,1.000000,0.000000,0.111111,0.000000,1.000000,1.000000,-0.000000,0.000000,0.000000,0.000000
Burpreallyloud,1.000000,1.000000,1.000000,0.000000,33621.000000,0.000000,0.000000,0.000000,3.000000,0.000000,0.000000,1.000000,0.000000,3.000000,1.000000,0.000000,0.333333,0.000000,1.000000,1.000000,-0.000000,0.000000,0.000000,0.000000
CONMANHOC5,1.000000,1.000000,1.000000,0.000000,35539.000000,0.000000,0.000000,0.000000,6.000000,0.000000,0.000000,1.000000,0.000000,2.000000,2.000000,0.166667,0.250000,0.000000,1.000000,1.000000,-0.000000,0.000000,0.000000,0.000000
CaledonianWarrior,1.000000,1.000000,1.000000,0.000000,35125.000000,0.000000,0.000000,0.000000,16.000000,0.000000,0.000000,1.000000,0.000000,7.500000,2.000000,0.000000,0.200000,0.000000,1.000000,1.000000,-0.000000,0.000000,0.000000,0.000000
CaptainMacObvious,1.000000,1.000000,1.000000,0.000000,36956.000000,0.000000,0.000000,0.000000,46.000000,0.000000,0.000000,1.000000,0.000000,3.600000,10.000000,0.021739,0.138889,0.000000,1.000000,1.000000,-0.000000,0.000000,0.000000,0.000000
Captain_Hesperus,1.000000,1.000000,1.000000,0.000000,39653.000000,0.000000,0.000000,0.000000,16.000000,0.000000,0.000000,1.000000,0.000000,7.500000,2.000000,0.000000,0.200000,0.000000,1.000000,1.000000,-0.000000,0.000000,0.000000,0.000000
Cardioman,1.000000,1.000000,1.000000,0.000000,39516.000000,0.000000,0.000000,0.000000,16.000000,0.000000,0.000000,1.000000,0.000000,7.500000,2.000000,0.000000,0.133333,0.000000,1.000000,1.000000,-0.000000,0.000000,0.000000,0.000000
Cascade5150,1.000000,1.000000,1.000000,0.000000,35638.000000,0.000000,0.000000,0.000000,9.000000,0.000000,0.000000,1.000000,0.000000,3.500000,2.000000,0.111111,0.285714,0.000000,1.000000,1.000000,-0.000000,0.000000,0.000000,0.000000
CastleofWamdue,1.000000,1.000000,1.000000,0.000000,36272.000000,0.000000,0.000000,0.000000,99.000000,0.000000,0.000000,1.000000,0.000000,4.052632,9.500000,0.040404,0.051948,0.000000,1.000000,1.000000,-0.000000,0.000000,0.000000,0.000000
Gliese_436b,1.000000,1.000000,1.000000,0.000000,33943.000000,0.000000,0.000000,0.000000,9.000000,0.000000,0.000000,1.000000,0.000000,4.000000,2.000000,0.000000,0.250000,0.000000,1.000000,1.000000,-0.000000,0.000000,0.000000,0.000000
GrnXanth,1.000000,1.000000,1.000000,0.000000,35672.000000,0.000000,0.000000,0.000000,16.000000,0.000000,0.000000,1.000000,0.000000,7.500000,2.000000,0.000000,0.200000,0.000000,1.000000,1.000000,-0.000000,0.000000,0.000000,0.000000
PrudentPush8309,1.000000,1.000000,1.000000,0.000000,38392.000000,0.000000,0.000000,0.000000,16.000000,0.000000,0.000000,1.000000,0.000000,7.500000,2.000000,0.000000,0.266667,0.000000,1.000000,1.000000,-0.000000,0.000000,0.000000,0.000000
NormanskillEire,1.000000,1.000000,1.000000,0.000000,34174.000000,0.000000,0.000000,0.000000,26.000000,0.000000,0.000000,1.000000,0.000000,5.250000,4.000000,0.076923,0.117647,0.000000,1.000000,1.000000,-0.000000,0.000000,0.000000,0.000000
Mudders_Milk_Man,1.000000,1.000000,1.000000,0.000000,39904.000000,0.000000,0.000000,0.000000,118.000000,0.000000,0.000000,1.000000,0.000000,3.600000,8.333333,0.050847,0.044444,0.000000,1.000000,1.000000,-0.000000,0.000000,0.000000,0.000000
MythicSuns,1.000000,1.000000,1.000000,0.000000,36196.000000,0.000000,0.000000,0.000000,16.000000,0.000000,0.000000,1.000000,0.000000,7.500000,2.000000,0.000000,0.200000,0.000000,1.000000,1.000000,-0.000000,0.000000,0.000000,0.000000
Narkarij,1.000000,1.000000,1.000000,0.000000,33143.000000,0.000000,0.000000,0.000000,50.000000,0.000000,0.000000,1.000000,0.000000,4.444444,9.000000,0.040000,0.075000,0.000000,1.000000,1.000000,-0.000000,0.000000,0.000000,0.000000
Nearby_Cauliflowers,1.000000,1.000000,1.000000,0.000000,36174.000000,0.000000,0.000000,0.000000,20.000000,0.000000,0.000000,1.000000,0.000000,6.000000,3.000000,0.000000,0.166667,0.000000,1.000000,1.000000,-0.000000,0.000000,0.000000,0.000000
Necrokeeper,1.000000,1.000000,1.000000,0.000000,36473.000000,0.000000,0.000000,0.000000,13.000000,0.000000,0.000000,1.000000,0.000000,3.666667,3.000000,0.000000,0.272727,0.000000,1.000000,1.000000,-0.000000,0.000000,0.000000,0.000000
Nemetoss,1.000000,1.000000,1.000000,0.000000,34904.000000,0.000000,0.000000,0.000000,5.000000,0.000000,0.000000,1.000000,0.000000,5.000000,1.000000,0.000000,0.200000,0.000000,1.000000,1.000000,-0.000000,0.000000,0.000000,0.000000
Neosmagus,1.000000,1.000000,1.000000,0.000000,38773.000000,0.000000,0.000000,0.000000,9.000000,0.000000,0.000000,1.000000,0.000000,4.000000,2.000000,0.000000,0.250000,0.000000,1.000000,1.000000,-0.000000,0.000000,0.000000,0.000000
NeuHundred,1.000000,1.000000,1.000000,0.000000,36026.000000,0.000000,0.000000,0.000000,79.000000,0.000000,0.000000,1.000000,0.000000,3.687500,5.333333,0.050633,0.101695,0.000000,1.000000,1.000000,-0.000000,0.000000,0.000000,0.000000
Nilmerdrigor,1.000000,1.000000,1.000000,0.000000,37695.000000,0.000000,0.000000,0.000000,16.000000,0.000000,0.000000,1.000000,0.000000,7.500000,2.000000,0.000000,0.200000,0.000000,1.000000,1.000000,-0.000000,0.000000,0.000000,0.000000
No-Entrepreneur-7406,1.000000,1.000000,1.000000,0.000000,33707.000000,0.000000,0.000000,0.000000,20.000000,0.000000,0.000000,1.000000,0.000000,4.250000,4.000000,0.000000,0.176471,0.000000,1.000000,1.000000,-0.000000,0.000000,0.000000,0.000000
No-Incident6359,1.000000,1.000000,1.000000,0.000000,38042.000000,0.000000,0.000000,0.000000,8.000000,0.000000,0.000000,1.000000,0.000000,3.500000,2.000000,0.000000,0.285714,0.000000,1.000000,1.000000,-0.000000,0.000000,0.000000,0.000000
No-one_here_cares,1.000000,1.000000,1.000000,0.000000,35991.000000,0.000000,0.000000,0.000000,15.000000,0.000000,0.000000,1.000000,0.000000,4.333333,3.000000,0.000000,0.230769,0.000000,1.000000,1.000000,-0.000000,0.000000,0.000000,0.000000
No_Promotion_65,1.000000,1.000000,1.000000,0.000000,36206.000000,0.000000,0.000000,0.000000,8.000000,0.000000,0.000000,1.000000,0.000000,3.500000,2.000000,0.000000,0.142857,0.000000,1.000000,1.000000,-0.000000,0.000000,0.000000,0.000000
Normal-Fall2821,1.000000,1.000000,1.000000,0.000000,39609.000000,0.000000,0.000000,0.000000,48.000000,0.000000,0.000000,1.000000,0.000000,3.800000,10.000000,0.020833,0.078947,0.000000,1.000000,1.000000,-0.000000,0.000000,0.000000,0.000000
NukeouT,1.000000,1.000000,1.000000,0.000000,38417.000000,0.000000,0.000000,0.000000,6.000000,0.000000,0.000000,1.000000,0.000000,6.000000,1.000000,0.000000,0.333333,0.000000,1.000000,1.000000,-0.000000,0.000000,0.000000,0.000000
MistressLiliana,1.000000,1.000000,1.000000,0.000000,39866.000000,0.000000,0.000000,0.000000,5.000000,0.000000,0.000000,1.000000,0.000000,5.000000,1.000000,0.000000,0.200000,0.000000,1.000000,1.000000,-0.000000,0.000000,0.000000,0.000000
Odd_Inside9379,1.000000,1.000000,1.000000,0.000000,36063.000000,0.000000,0.000000,0.000000,16.000000,0.000000,0.000000,1.000000,0.000000,7.500000,2.000000,0.000000,0.066667,0.000000,1.000000,1.000000,-0.000000,0.000000,0.000000,0.000000
Ok_Heart_2721,1.000000,1.000000,1.000000,0.000000,37650.000000,0.000000,0.000000,0.000000,48.000000,0.000000,0.000000,1.000000,0.000000,5.125000,8.000000,0.000000,0.146341,0.000000,1.000000,1.000000,-0.000000,0.000000,0.000000,0.000000
OnyoIsTaken,1.000000,1.000000,1.000000,0.000000,33751.000000,0.000000,0.000000,0.000000,9.000000,0.000000,0.000000,1.000000,0.000000,9.000000,1.000000,0.000000,0.111111,0.000000,1.000000,1.000000,-0.000000,0.000000,0.000000,0.000000
PBDubs99,1.000000,1.000000,1.000000,0.000000,40462.000000,0.000000,0.000000,0.000000,82.000000,0.000000,0.000000,1.000000,0.000000,5.153846,13.000000,0.048780,0.074627,0.000000,1.000000,1.000000,-0.000000,0.000000,0.000000,0.000000
PabloThePabo,1.000000,1.000000,1.000000,0.000000,36093.000000,0.000000,0.000000,0.000000,58.000000,0.000000,0.000000,1.000000,0.000000,3.214286,14.000000,0.000000,0.044444,0.000000,1.000000,1.000000,-0.000000,0.000000,0.000000,0.000000
Peelie5,1.000000,1.000000,1.000000,0.000000,34068.000000,0.000000,0.000000,0.000000,50.000000,0.000000,0.000000,1.000000,0.000000,4.444444,3.000000,0.060000,0.175000,0.000000,1.000000,1.000000,-0.000000,0.000000,0.000000,0.000000
Phatjack_,1.000000,1.000000,1.000000,0.000000,40507.000000,0.000000,0.000000,0.000000,15.000000,0.000000,0.000000,1.000000,0.000000,7.000000,2.000000,0.000000,0.142857,0.000000,1.000000,1.000000,-0.000000,0.000000,0.000000,0.000000
PiingThiing,1.000000,1.000000,1.000000,0.000000,34083.000000,0.000000,0.000000,0.000000,14.000000,0.000000,0.000000,1.000000,0.000000,6.500000,2.000000,0.000000,0.153846,0.000000,1.000000,1.000000,-0.000000,0.000000,0.000000,0.000000
Pinorckle,1.000000,1.000000,1.000000,0.000000,37973.000000,0.000000,0.000000,0.000000,26.000000,0.000000,0.000000,1.000000,0.000000,5.500000,4.000000,0.038462,0.090909,0.000000,1.000000,1.000000,-0.000000,0.000000,0.000000,0.000000
Planetrain059,1.000000,1.000000,1.000000,0.000000,34676.000000,0.000000,0.000000,0.000000,17.000000,0.000000,0.000000,1.000000,0.000000,5.000000,3.000000,0.000000,0.200000,0.000000,1.000000,1.000000,-0.000000,0.000000,0.000000,0.000000
Plus_Sherbet460,1.000000,1.000000,1.000000,0.000000,37917.000000,0.000000,0.000000,0.000000,33.000000,0.000000,0.000000,1.000000,0.000000,4.666667,6.000000,0.000000,0.071429,0.000000,1.000000,1.000000,-0.000000,0.000000,0.000000,0.000000
Possible_Stick8405,1.000000,1.000000,1.000000,0.000000,33582.000000,0.000000,0.000000,0.000000,9.000000,0.000000,0.000000,1.000000,0.000000,4.000000,2.000000,0.000000,0.250000,0.000000,1.000000,1.000000,-0.000000,0.000000,0.000000,0.000000
Potw0rek,1.000000,1.000000,1.000000,0.000000,34488.000000,0.000000,0.000000,0.000000,26.000000,0.000000,0.000000,1.000000,0.000000,5.750000,4.000000,0.000000,0.086957,0.000000,1.000000,1.000000,-0.000000,0.000000,0.000000,0.000000
-just-a-bit-outside-,1.000000,1.000000,1.000000,0.000000,34857.000000,0.000000,0.000000,0.000000,66.000000,0.000000,0.000000,1.000000,0.000000,3.714286,14.000000,0.015152,0.057692,0.000000,1.000000,1.000000,-0.000000,0.000000,0.000000,0.000000
MotherSpell6112,1.000000,1.000000,1.000000,0.000000,36997.000000,0.000000,0.000000,0.000000,11.000000,0.000000,0.000000,1.000000,0.000000,5.000000,2.000000,0.000000,0.200000,0.000000,1.000000,1.000000,-0.000000,0.000000,0.000000,0.000000
MilkieWaye,1.000000,1.000000,1.000000,0.000000,35209.000000,0.000000,0.000000,0.000000,17.000000,0.000000,0.000000,1.000000,0.000000,5.000000,3.000000,0.000000,0.200000,0.000000,1.000000,1.000000,-0.000000,0.000000,0.000000,0.000000
Grueaux,1.000000,1.000000,1.000000,0.000000,37948.000000,0.000000,0.000000,0.000000,20.000000,0.000000,0.000000,1.000000,0.000000,4.250000,4.000000,0.000000,0.294118,0.000000,1.000000,1.000000,-0.000000,0.000000,0.000000,0.000000
Juusho_Rokuniku,1.000000,1.000000,1.000000,0.000000,34232.000000,0.000000,0.000000,0.000000,17.000000,0.000000,0.000000,1.000000,0.000000,5.000000,3.000000,0.000000,0.200000,0.000000,1.000000,1.000000,-0.000000,0.000000,0.000000,0.000000
Hawk_1987,1.000000,1.000000,1.000000,0.000000,35409.000000,0.000000,0.000000,0.000000,112.000000,0.000000,0.000000,1.000000,0.000000,3.583333,12.000000,0.026786,0.093023,0.000000,1.000000,1.000000,-0.000000,0.000000,0.000000,0.000000
Headonyst,1.000000,1.000000,1.000000,0.000000,37384.000000,0.000000,0.000000,0.000000,5.000000,0.000000,0.000000,1.000000,0.000000,5.000000,1.000000,0.000000,0.200000,0.000000,1.000000,1.000000,-0.000000,0.000000,0.000000,0.000000
HeroinHanz,1.000000,1.000000,1.000000,0.000000,33421.000000,0.000000,0.000000,0.000000,10.000000,0.000000,0.000000,1.000000,0.000000,4.500000,2.000000,0.000000,0.111111,0.000000,1.000000,1.000000,-0.000000,0.000000,0.000000,0.000000
Historical-Fill-1523,1.000000,1.000000,1.000000,0.000000,33646.000000,0.000000,0.000000,0.000000,39.000000,0.000000,0.000000,1.000000,0.000000,5.333333,6.000000,0.051282,0.062500,0.000000,1.000000,1.000000,-0.000000,0.000000,0.000000,0.000000
Hoosier_Daddy68,1.000000,1.000000,1.000000,0.000000,40386.000000,0.000000,0.000000,0.000000,33.000000,0.000000,0.000000,1.000000,0.000000,4.500000,6.000000,0.030303,0.111111,0.000000,1.000000,1.000000,-0.000000,0.000000,0.000000,0.000000
HugePatFenis,1.000000,1.000000,1.000000,0.000000,34948.000000,0.000000,0.000000,0.000000,50.000000,0.000000,0.000000,1.000000,0.000000,5.714286,3.500000,0.080000,0.100000,0.000000,1.000000,1.000000,-0.000000,0.000000,0.000000,0.000000
IWasBannedYesterday,1.000000,1.000000,1.000000,0.000000,35134.000000,0.000000,0.000000,0.000000,26.000000,0.000000,0.000000,1.000000,0.000000,5.500000,4.000000,0.038462,0.090909,0.000000,1.000000,1.000000,-0.000000,0.000000,0.000000,0.000000
Independent-Note8345,1.000000,1.000000,1.000000,0.000000,34230.000000,0.000000,0.000000,0.000000,13.000000,0.000000,0.000000,1.000000,0.000000,6.000000,2.000000,0.000000,0.166667,0.000000,1.000000,1.000000,-0.000000,0.000000,0.000000,0.000000
Int_Minus_Three,1.000000,1.000000,1.000000,0.000000,34926.000000,0.000000,0.000000,0.000000,7.000000,0.000000,0.000000,1.000000,0.000000,3.000000,2.000000,0.000000,0.333333,0.000000,1.000000,1.000000,-0.000000,0.000000,0.000000,0.000000
IntangibleMatter,1.000000,1.000000,1.000000,0.000000,34838.000000,0.000000,0.000000,0.000000,375.000000,0.000000,0.000000,1.000000,0.000000,4.114286,11.666667,0.037333,0.052632,0.000000,1.000000,1.000000,-0.000000,0.000000,0.000000,0.000000
Inventiveunicorn,1.000000,1.000000,1.000000,0.000000,35698.000000,0.000000,0.000000,0.000000,13.000000,0.000000,0.000000,1.000000,0.000000,3.666667,3.000000,0.000000,0.100000,0.000000,1.000000,1.000000,-0.000000,0.000000,0.000000,0.000000
IvanDimitriov,1.000000,1.000000,1.000000,0.000000,36041.000000,0.000000,0.000000,0.000000,35.000000,0.000000,0.000000,1.000000,0.000000,3.375000,4.000000,0.028571,0.148148,0.000000,1.000000,1.000000,-0.000000,0.000000,0.000000,0.000000
JimPanZoo,1.000000,1.000000,1.000000,0.000000,39067.000000,0.000000,0.000000,0.000000,134.000000,0.000000,0.000000,1.000000,0.000000,3.821429,28.000000,0.000000,0.093458,0.000000,1.000000,1.000000,-0.000000,0.000000,0.000000,0.000000
JohnnyHeel,1.000000,1.000000,1.000000,0.000000,37362.000000,0.000000,0.000000,0.000000,10.000000,0.000000,0.000000,1.000000,0.000000,4.500000,2.000000,0.000000,0.222222,0.000000,1.000000,1.000000,-0.000000,0.000000,0.000000,0.000000
KhazraShaman,1.000000,1.000000,1.000000,0.000000,34145.000000,0.000000,0.000000,0.000000,10.000000,0.000000,0.000000,1.000000,0.000000,4.500000,2.000000,0.000000,0.222222,0.000000,1.000000,1.000000,-0.000000,0.000000,0.000000,0.000000
Marcuse0,1.000000,1.000000,1.000000,0.000000,33859.000000,0.000000,0.000000,0.000000,41.000000,0.000000,0.000000,1.000000,0.000000,4.125000,8.000000,0.024390,0.090909,0.000000,1.000000,1.000000,-0.000000,0.000000,0.000000,0.000000
Kick_in_the_Yarbles,1.000000,1.000000,1.000000,0.000000,40319.000000,0.000000,0.000000,0.000000,16.000000,0.000000,0.000000,1.000000,0.000000,7.500000,2.000000,0.000000,0.266667,0.000000,1.000000,1.000000,-0.000000,0.000000,0.000000,0.000000
Kippekok,1.000000,1.000000,1.000000,0.000000,33441.000000,0.000000,0.000000,0.000000,62.000000,0.000000,0.000000,1.000000,0.000000,3.769231,13.000000,0.016129,0.020408,0.000000,1.000000,1.000000,-0.000000,0.000000,0.000000,0.000000
Kobo720,1.000000,1.000000,1.000000,0.000000,37373.000000,0.000000,0.000000,0.000000,66.000000,0.000000,0.000000,1.000000,0.000000,3.916667,4.000000,0.045455,0.063830,0.000000,1.000000,1.000000,-0.000000,0.000000,0.000000,0.000000
Lanky_Ask2502,1.000000,1.000000,1.000000,0.000000,34294.000000,0.000000,0.000000,0.000000,154.000000,0.000000,0.000000,1.000000,0.000000,5.250000,12.000000,0.038961,0.055556,0.000000,1.000000,1.000000,-0.000000,0.000000,0.000000,0.000000
LazyLaserWhittling,1.000000,1.000000,1.000000,0.000000,38749.000000,0.000000,0.000000,0.000000,232.000000,0.000000,0.000000,1.000000,0.000000,4.111111,22.500000,0.021552,0.027027,0.000000,1.000000,1.000000,-0.000000,0.000000,0.000000,0.000000
Leonos,1.000000,1.000000,1.000000,0.000000,39059.000000,0.000000,0.000000,0.000000,30.000000,0.000000,0.000000,1.000000,0.000000,3.285714,7.000000,0.033333,0.043478,0.000000,1.000000,1.000000,-0.000000,0.000000,0.000000,0.000000
Longjumping_Tap_5705,1.000000,1.000000,1.000000,0.000000,36065.000000,0.000000,0.000000,0.000000,17.000000,0.000000,0.000000,1.000000,0.000000,4.666667,3.000000,0.058824,0.214286,0.000000,1.000000,1.000000,-0.000000,0.000000,0.000000,0.000000
Lord_lucifer0708,1.000000,1.000000,1.000000,0.000000,35709.000000,0.000000,0.000000,0.000000,7.000000,0.000000,0.000000,1.000000,0.000000,3.000000,2.000000,0.000000,1.000000,0.000000,1.000000,1.000000,-0.000000,0.000000,0.000000,0.000000
Los5Muertes,1.000000,1.000000,1.000000,0.000000,35829.000000,0.000000,0.000000,0.000000,25.000000,0.000000,0.000000,1.000000,0.000000,4.750000,2.000000,0.080000,0.157895,0.000000,1.000000,1.000000,-0.000000,0.000000,0.000000,0.000000
Low_Ad8311,1.000000,1.000000,1.000000,0.000000,38752.000000,0.000000,0.000000,0.000000,19.000000,0.000000,0.000000,1.000000,0.000000,4.000000,4.000000,0.000000,0.375000,0.000000,1.000000,1.000000,-0.000000,0.000000,0.000000,0.000000
Lunar_Day5541,1.000000,1.000000,1.000000,0.000000,39521.000000,0.000000,0.000000,0.000000,100.000000,0.000000,0.000000,1.000000,0.000000,3.850000,5.000000,0.050000,0.090909,0.000000,1.000000,1.000000,-0.000000,0.000000,0.000000,0.000000
MNightengale,1.000000,1.000000,1.000000,0.000000,33631.000000,0.000000,0.000000,0.000000,12.000000,0.000000,0.000000,1.000000,0.000000,5.500000,2.000000,0.000000,0.272727,0.000000,1.000000,1.000000,-0.000000,0.000000,0.000000,0.000000
MOTUkraken,1.000000,1.000000,1.000000,0.000000,38800.000000,0.000000,0.000000,0.000000,169.000000,0.000000,0.000000,1.000000,0.000000,4.600000,15.000000,0.011834,0.043478,0.000000,1.000000,1.000000,-0.000000,0.000000,0.000000,0.000000
M_Alex,1.000000,1.000000,1.000000,0.000000,37169.000000,0.000000,0.000000,0.000000,254.000000,0.000000,0.000000,1.000000,0.000000,4.590909,22.000000,0.039370,0.059406,0.000000,1.000000,1.000000,-0.000000,0.000000,0.000000,0.000000
yowhatismyusername,1.000000,1.000000,1.000000,0.000000,38979.000000,0.000000,0.000000,0.000000,45.000000,0.000000,0.000000,1.000000,0.000000,3.600000,10.000000,0.000000,0.000000,0.000000,1.000000,1.000000,-0.000000,0.000000,0.000000,0.000000
