username,comment_text,sentiment_score
Square_Reaction_3906,Телеграмму поебать на блокировку. Максимум мнение Павла и не более.,
ElectroAdeptus,"ебатть круто, это че диспатч?",
Risen_Waker,"И как и в оригинальном моменте Dispatch, это будет не более чем блефом.",
Atoril,&gt;! Нет. Блефом была инфа до этого монолога. В этом диалоге либо максимум переоценка своих сил и то только если ты веришь шрауду. !&lt;,
Michael__Townley,https://preview.redd.it/rmevjnkavrng1.jpeg?width=986&amp;format=pjpg&amp;auto=webp&amp;s=63d6fd9509f0fa32e59858caa1587ae28d4692da,
SkuferSkuf,это гениально,
Paincrawler,"Мое лицо после экскурсии:

https://preview.redd.it/i1cybilpyoyf1.jpeg?width=640&amp;format=pjpg&amp;auto=webp&amp;s=f6aace85ac62c5196ebe529afea490baf7f39db7",
Treat-South,Это же рыцарь из Монти пайтона и Священный Грааль,
Own_Wrangler9939,Восхитительно,
Qrazh,Артхаус епта.,
Cheshire_____Cat,Великолепно.,
ScoreOld9771,Деваха клевая,
maresflex,☹️,
Scorpions_forever,Мало участников было?,
agfksmc,"&gt;печенье едет в печь, хочешь с ним?


Я чёт расхуярился с этого. А видос классно сделан.",
ErebosDark,"Я даже догадываюсь, кем её прадед во Вторую мировую прослужил... 😅",
One_Preference4798,"Вспомнил ролик как семья пранка ради решила ограбить вроде свой дом, но забыли что дед в 40 был германским ученым",
Aggressive-Yak-6700,Шикарно!,
Andrewer1,Шедевр!!!,
OkDrawing7108,10 велиал сквадов из 10,
