username,is_bot_flag,bot_probability
Demalab,False,0.0
CalmTranslator6752,True,1.0
Comedy86,False,0.0
Chibi-LootZ-,True,1.0
Neko_Combo,True,1.0
Chibi_Skill,True,1.0
Khiva,False,0.0
UniWillow,True,1.0
Defiant-Morning4442,False,0.0
Muhammad_Haseebb,True,1.0
kstargate-425,False,0.0
Ruthless4u,False,0.0
SherwoodParkGee,True,1.0
cutslikeakris,False,0.0
AdditionalCold8073,False,0.0
The_Grim_Sleaper,False,0.0
BellNo3630,False,0.0
PeaNought,False,0.0
ourlastchancefortea,False,0.0
cyberlogi,False,0.0
polmeeee,False,0.0
Plane_Wish_5899,True,1.0
Wrong-Fella,False,0.0
Max_G04,False,0.0
TheHiddenLibrary21,False,0.0
BizzarePlatypus,False,0.0
Nek-oSkillZ,True,1.0
Ok_Mixture4917,False,0.0
300ConfirmedGorillas,False,0.0
MagicBandAid,False,0.0
justtoreadthenews,False,0.0
Chibi-Quest_,True,1.0
DrewbieWanKenobie,False,0.0
buck70,False,0.0
gooberfishie,False,0.0
Gingercopia,False,0.0
manek101,False,0.0
Crudadu,False,0.0
Beautiful_Finger4566,False,0.0
Nope_______,False,0.0
BigBaz63,False,0.0
syizm,False,0.0
trailerparkshoresy,False,0.02
miniowl22,False,0.0
Major9000,False,0.0
LouBarlowsDisease,False,0.0
CantInjaThisNinja,False,0.0
Bearwhale,False,0.0
Kuraiyuki,False,0.0
Uberbobo7,False,0.0
burf12345,False,0.0
brokenmessiah,False,0.0
Emerno,False,0.0
Froggyfrogger,False,0.0
Clueless_Otter,False,0.0
MDCCCLV,False,0.0
Ronxu,False,0.0
Hulkodium,False,0.0
BigNorseWolf,False,0.0
vagrantprodigy07,False,0.0
Nsflguru,False,0.0
GIRLS-DM-DIRTYTALK,True,1.0
redbo,False,0.0
StillAll,False,0.0
Glass-Situation6916,False,0.0
talentpun,False,0.0
surSEXECEN,False,0.0
LeafsWinBeforeIDie,False,0.0
DoubleExposure,False,0.0
Fleeetch,False,0.0
Mkilbride,False,0.0
SteadfastEnd,False,0.0
ecclectic,False,0.0
AnniversaryRoad,False,0.0
nutano,False,0.0
Remarkable_Yak1352,False,0.0
WorkingBicycle1958,False,0.0
KurtisC1993,False,0.0
ThisIsTheShway,False,0.0
castlite,False,0.0
prajnadhyana,False,0.0
EventNo9432,False,0.0
stobbsm,False,0.0
Gonnabefiftysoon,False,0.0
Concentrateman,False,0.0
ComprehensiveHand232,False,0.0
TyrannasaurusRecht,False,0.0
TrickWinner5404,False,0.0
FoggyShrew,False,0.0
inhaleholdxhale,False,0.0
Ok_Firefighter_9742,False,0.0
Visible-Climate-6920,False,0.0
specialpb,False,0.0
PokerChipMessage,False,0.0
LeGrandLucifer,False,0.0
radi0head,False,0.0
AssistanceNo3893,False,0.0
shoffice,False,0.0
vladigula,False,0.0
Iola_Morton,False,0.0
