reply_delay_seconds,user_karma,account_age_days,username,comment_id,comment_score,post_title,post_url
1225,80594,2084.41,Demalab,o79e1rq,850,"Canada announces $1.4 billion military aid package for Ukraine, expands sanctions against Russia what do you think about this action?",/r/AskReddit/comments/1re14y6/canada_announces_14_billion_military_aid_package/
3447,193,3.41,CalmTranslator6752,o79kbsl,200,"Canada announces $1.4 billion military aid package for Ukraine, expands sanctions against Russia what do you think about this action?",/r/AskReddit/comments/1re14y6/canada_announces_14_billion_military_aid_package/
8994,76499,4453.36,Comedy86,o79y5uh,67,"Canada announces $1.4 billion military aid package for Ukraine, expands sanctions against Russia what do you think about this action?",/r/AskReddit/comments/1re14y6/canada_announces_14_billion_military_aid_package/
12749,26,18.03,Chibi-LootZ-,o7a68rj,26,"Canada announces $1.4 billion military aid package for Ukraine, expands sanctions against Russia what do you think about this action?",/r/AskReddit/comments/1re14y6/canada_announces_14_billion_military_aid_package/
22745,9,17.73,Neko_Combo,o7aoqpa,6,"Canada announces $1.4 billion military aid package for Ukraine, expands sanctions against Russia what do you think about this action?",/r/AskReddit/comments/1re14y6/canada_announces_14_billion_military_aid_package/
23215,5,17.72,Chibi_Skill,o7apkjp,4,"Canada announces $1.4 billion military aid package for Ukraine, expands sanctions against Russia what do you think about this action?",/r/AskReddit/comments/1re14y6/canada_announces_14_billion_military_aid_package/
3993,1600276,6159.2,Khiva,o79lte1,76,"Canada announces $1.4 billion military aid package for Ukraine, expands sanctions against Russia what do you think about this action?",/r/AskReddit/comments/1re14y6/canada_announces_14_billion_military_aid_package/
25891,10,14.5,UniWillow,o7aubql,2,"Canada announces $1.4 billion military aid package for Ukraine, expands sanctions against Russia what do you think about this action?",/r/AskReddit/comments/1re14y6/canada_announces_14_billion_military_aid_package/
14383,1260,635.73,Defiant-Morning4442,o7a9gth,13,"Canada announces $1.4 billion military aid package for Ukraine, expands sanctions against Russia what do you think about this action?",/r/AskReddit/comments/1re14y6/canada_announces_14_billion_military_aid_package/
26968,3,4.76,Muhammad_Haseebb,o7awags,6,"Canada announces $1.4 billion military aid package for Ukraine, expands sanctions against Russia what do you think about this action?",/r/AskReddit/comments/1re14y6/canada_announces_14_billion_military_aid_package/
4199,19851,304.39,kstargate-425,o79mday,37,"Canada announces $1.4 billion military aid package for Ukraine, expands sanctions against Russia what do you think about this action?",/r/AskReddit/comments/1re14y6/canada_announces_14_billion_military_aid_package/
28496,58187,3870.06,Ruthless4u,o7az2pg,2,"Canada announces $1.4 billion military aid package for Ukraine, expands sanctions against Russia what do you think about this action?",/r/AskReddit/comments/1re14y6/canada_announces_14_billion_military_aid_package/
7981,18,54.38,SherwoodParkGee,o79vsw0,3,"Canada announces $1.4 billion military aid package for Ukraine, expands sanctions against Russia what do you think about this action?",/r/AskReddit/comments/1re14y6/canada_announces_14_billion_military_aid_package/
200,62531,2583.34,cutslikeakris,o79azv7,709,"Canada announces $1.4 billion military aid package for Ukraine, expands sanctions against Russia what do you think about this action?",/r/AskReddit/comments/1re14y6/canada_announces_14_billion_military_aid_package/
4445,530,115.58,AdditionalCold8073,o79n168,139,"Canada announces $1.4 billion military aid package for Ukraine, expands sanctions against Russia what do you think about this action?",/r/AskReddit/comments/1re14y6/canada_announces_14_billion_military_aid_package/
10553,279383,5016.77,The_Grim_Sleaper,o7a1lxb,104,"Canada announces $1.4 billion military aid package for Ukraine, expands sanctions against Russia what do you think about this action?",/r/AskReddit/comments/1re14y6/canada_announces_14_billion_military_aid_package/
15185,301,28.77,BellNo3630,o7ab14y,35,"Canada announces $1.4 billion military aid package for Ukraine, expands sanctions against Russia what do you think about this action?",/r/AskReddit/comments/1re14y6/canada_announces_14_billion_military_aid_package/
21399,4857,483.86,PeaNought,o7amcla,17,"Canada announces $1.4 billion military aid package for Ukraine, expands sanctions against Russia what do you think about this action?",/r/AskReddit/comments/1re14y6/canada_announces_14_billion_military_aid_package/
28454,148314,2422.96,ourlastchancefortea,o7ayzvn,6,"Canada announces $1.4 billion military aid package for Ukraine, expands sanctions against Russia what do you think about this action?",/r/AskReddit/comments/1re14y6/canada_announces_14_billion_military_aid_package/
1164,2004,7159.41,cyberlogi,o79dvhw,87,"Canada announces $1.4 billion military aid package for Ukraine, expands sanctions against Russia what do you think about this action?",/r/AskReddit/comments/1re14y6/canada_announces_14_billion_military_aid_package/
9107,103845,1847.47,polmeeee,o79yf00,46,"Canada announces $1.4 billion military aid package for Ukraine, expands sanctions against Russia what do you think about this action?",/r/AskReddit/comments/1re14y6/canada_announces_14_billion_military_aid_package/
20739,-54,17.54,Plane_Wish_5899,o7al73e,4,"Canada announces $1.4 billion military aid package for Ukraine, expands sanctions against Russia what do you think about this action?",/r/AskReddit/comments/1re14y6/canada_announces_14_billion_military_aid_package/
33273,1463,41.36,Wrong-Fella,o7b8oxp,1,"Canada announces $1.4 billion military aid package for Ukraine, expands sanctions against Russia what do you think about this action?",/r/AskReddit/comments/1re14y6/canada_announces_14_billion_military_aid_package/
30435,19273,2473.93,Max_G04,o7b2ryl,3,"Canada announces $1.4 billion military aid package for Ukraine, expands sanctions against Russia what do you think about this action?",/r/AskReddit/comments/1re14y6/canada_announces_14_billion_military_aid_package/
2100,407,2146.3,TheHiddenLibrary21,o79gk8j,30,"Canada announces $1.4 billion military aid package for Ukraine, expands sanctions against Russia what do you think about this action?",/r/AskReddit/comments/1re14y6/canada_announces_14_billion_military_aid_package/
10133,650,840.04,BizzarePlatypus,o7a0pbl,20,"Canada announces $1.4 billion military aid package for Ukraine, expands sanctions against Russia what do you think about this action?",/r/AskReddit/comments/1re14y6/canada_announces_14_billion_military_aid_package/
13144,24,18.03,Nek-oSkillZ,o7a714m,7,"Canada announces $1.4 billion military aid package for Ukraine, expands sanctions against Russia what do you think about this action?",/r/AskReddit/comments/1re14y6/canada_announces_14_billion_military_aid_package/
3439,111546,787.7,Ok_Mixture4917,o79kaxv,5,"Canada announces $1.4 billion military aid package for Ukraine, expands sanctions against Russia what do you think about this action?",/r/AskReddit/comments/1re14y6/canada_announces_14_billion_military_aid_package/
4102,75942,4954.69,300ConfirmedGorillas,o79m3wp,9,"Canada announces $1.4 billion military aid package for Ukraine, expands sanctions against Russia what do you think about this action?",/r/AskReddit/comments/1re14y6/canada_announces_14_billion_military_aid_package/
6637,105356,4399.33,MagicBandAid,o79sl4y,3,"Canada announces $1.4 billion military aid package for Ukraine, expands sanctions against Russia what do you think about this action?",/r/AskReddit/comments/1re14y6/canada_announces_14_billion_military_aid_package/
2081,142,925.04,justtoreadthenews,o79gi9x,28,"Canada announces $1.4 billion military aid package for Ukraine, expands sanctions against Russia what do you think about this action?",/r/AskReddit/comments/1re14y6/canada_announces_14_billion_military_aid_package/
10494,10,19.12,Chibi-Quest_,o7a1hez,11,"Canada announces $1.4 billion military aid package for Ukraine, expands sanctions against Russia what do you think about this action?",/r/AskReddit/comments/1re14y6/canada_announces_14_billion_military_aid_package/
15426,187008,4949.59,DrewbieWanKenobie,o7abhs2,3,"Canada announces $1.4 billion military aid package for Ukraine, expands sanctions against Russia what do you think about this action?",/r/AskReddit/comments/1re14y6/canada_announces_14_billion_military_aid_package/
3861,83771,4763.99,buck70,o79lglq,25,"Canada announces $1.4 billion military aid package for Ukraine, expands sanctions against Russia what do you think about this action?",/r/AskReddit/comments/1re14y6/canada_announces_14_billion_military_aid_package/
1429,42881,4966.57,gooberfishie,o79enbl,16,"Canada announces $1.4 billion military aid package for Ukraine, expands sanctions against Russia what do you think about this action?",/r/AskReddit/comments/1re14y6/canada_announces_14_billion_military_aid_package/
1765,20280,2917.6,Gingercopia,o79flvd,19,"Canada announces $1.4 billion military aid package for Ukraine, expands sanctions against Russia what do you think about this action?",/r/AskReddit/comments/1re14y6/canada_announces_14_billion_military_aid_package/
7104,39332,1206.07,manek101,o79tpvx,6,"Canada announces $1.4 billion military aid package for Ukraine, expands sanctions against Russia what do you think about this action?",/r/AskReddit/comments/1re14y6/canada_announces_14_billion_military_aid_package/
2266,15669,4340.83,Crudadu,o79h12b,6,"Canada announces $1.4 billion military aid package for Ukraine, expands sanctions against Russia what do you think about this action?",/r/AskReddit/comments/1re14y6/canada_announces_14_billion_military_aid_package/
3028,1739,106.36,Beautiful_Finger4566,o79j5v1,5,"Canada announces $1.4 billion military aid package for Ukraine, expands sanctions against Russia what do you think about this action?",/r/AskReddit/comments/1re14y6/canada_announces_14_billion_military_aid_package/
3129,86578,3975.74,Nope_______,o79jg2z,2,"Canada announces $1.4 billion military aid package for Ukraine, expands sanctions against Russia what do you think about this action?",/r/AskReddit/comments/1re14y6/canada_announces_14_billion_military_aid_package/
2602,17264,282.75,BigBaz63,o79hz9l,9,"Canada announces $1.4 billion military aid package for Ukraine, expands sanctions against Russia what do you think about this action?",/r/AskReddit/comments/1re14y6/canada_announces_14_billion_military_aid_package/
1513,63415,3239.39,syizm,o79evzy,8,"Canada announces $1.4 billion military aid package for Ukraine, expands sanctions against Russia what do you think about this action?",/r/AskReddit/comments/1re14y6/canada_announces_14_billion_military_aid_package/
3172,11,389.8,trailerparkshoresy,o79jk9u,3,"Canada announces $1.4 billion military aid package for Ukraine, expands sanctions against Russia what do you think about this action?",/r/AskReddit/comments/1re14y6/canada_announces_14_billion_military_aid_package/
2098,4274,1518.59,miniowl22,o79gk1x,3,"Canada announces $1.4 billion military aid package for Ukraine, expands sanctions against Russia what do you think about this action?",/r/AskReddit/comments/1re14y6/canada_announces_14_billion_military_aid_package/
3877,54581,4844.51,Major9000,o79li3y,2,"Canada announces $1.4 billion military aid package for Ukraine, expands sanctions against Russia what do you think about this action?",/r/AskReddit/comments/1re14y6/canada_announces_14_billion_military_aid_package/
261,226966,2393.41,LouBarlowsDisease,o79b6l7,302,"Canada announces $1.4 billion military aid package for Ukraine, expands sanctions against Russia what do you think about this action?",/r/AskReddit/comments/1re14y6/canada_announces_14_billion_military_aid_package/
8741,17528,3752.3,CantInjaThisNinja,o79xks4,101,"Canada announces $1.4 billion military aid package for Ukraine, expands sanctions against Russia what do you think about this action?",/r/AskReddit/comments/1re14y6/canada_announces_14_billion_military_aid_package/
9465,90473,5233.67,Bearwhale,o79z81x,20,"Canada announces $1.4 billion military aid package for Ukraine, expands sanctions against Russia what do you think about this action?",/r/AskReddit/comments/1re14y6/canada_announces_14_billion_military_aid_package/
18289,2773,3634.48,Kuraiyuki,o7agsef,19,"Canada announces $1.4 billion military aid package for Ukraine, expands sanctions against Russia what do you think about this action?",/r/AskReddit/comments/1re14y6/canada_announces_14_billion_military_aid_package/
18733,96036,4551.79,Uberbobo7,o7ahlol,6,"Canada announces $1.4 billion military aid package for Ukraine, expands sanctions against Russia what do you think about this action?",/r/AskReddit/comments/1re14y6/canada_announces_14_billion_military_aid_package/
21202,859778,5040.85,burf12345,o7alzz1,2,"Canada announces $1.4 billion military aid package for Ukraine, expands sanctions against Russia what do you think about this action?",/r/AskReddit/comments/1re14y6/canada_announces_14_billion_military_aid_package/
1617,496287,4186.88,brokenmessiah,o79f6pe,47,"Canada announces $1.4 billion military aid package for Ukraine, expands sanctions against Russia what do you think about this action?",/r/AskReddit/comments/1re14y6/canada_announces_14_billion_military_aid_package/
3560,164684,4562.75,Emerno,o79kn2u,54,"Canada announces $1.4 billion military aid package for Ukraine, expands sanctions against Russia what do you think about this action?",/r/AskReddit/comments/1re14y6/canada_announces_14_billion_military_aid_package/
7560,11820,4547.34,Froggyfrogger,o79usua,14,"Canada announces $1.4 billion military aid package for Ukraine, expands sanctions against Russia what do you think about this action?",/r/AskReddit/comments/1re14y6/canada_announces_14_billion_military_aid_package/
15347,148616,2580.31,Clueless_Otter,o7abcc2,10,"Canada announces $1.4 billion military aid package for Ukraine, expands sanctions against Russia what do you think about this action?",/r/AskReddit/comments/1re14y6/canada_announces_14_billion_military_aid_package/
9848,249372,3934.56,MDCCCLV,o7a02sf,2,"Canada announces $1.4 billion military aid package for Ukraine, expands sanctions against Russia what do you think about this action?",/r/AskReddit/comments/1re14y6/canada_announces_14_billion_military_aid_package/
14180,23044,4103.0,Ronxu,o7a92nx,10,"Canada announces $1.4 billion military aid package for Ukraine, expands sanctions against Russia what do you think about this action?",/r/AskReddit/comments/1re14y6/canada_announces_14_billion_military_aid_package/
902,16322,143.75,Hulkodium,o79d3hm,89,"Canada announces $1.4 billion military aid package for Ukraine, expands sanctions against Russia what do you think about this action?",/r/AskReddit/comments/1re14y6/canada_announces_14_billion_military_aid_package/
1308,234013,3502.75,BigNorseWolf,o79eajh,6,"Canada announces $1.4 billion military aid package for Ukraine, expands sanctions against Russia what do you think about this action?",/r/AskReddit/comments/1re14y6/canada_announces_14_billion_military_aid_package/
2224,144485,3416.03,vagrantprodigy07,o79gwvb,2,"Canada announces $1.4 billion military aid package for Ukraine, expands sanctions against Russia what do you think about this action?",/r/AskReddit/comments/1re14y6/canada_announces_14_billion_military_aid_package/
1683,39281,2607.44,Nsflguru,o79fdgc,192,"Canada announces $1.4 billion military aid package for Ukraine, expands sanctions against Russia what do you think about this action?",/r/AskReddit/comments/1re14y6/canada_announces_14_billion_military_aid_package/
6643,48,0.46,GIRLS-DM-DIRTYTALK,o79sloc,18,"Canada announces $1.4 billion military aid package for Ukraine, expands sanctions against Russia what do you think about this action?",/r/AskReddit/comments/1re14y6/canada_announces_14_billion_military_aid_package/
10085,79060,6418.42,redbo,o7a0lk6,24,"Canada announces $1.4 billion military aid package for Ukraine, expands sanctions against Russia what do you think about this action?",/r/AskReddit/comments/1re14y6/canada_announces_14_billion_military_aid_package/
13866,67481,3365.54,StillAll,o7a8ght,8,"Canada announces $1.4 billion military aid package for Ukraine, expands sanctions against Russia what do you think about this action?",/r/AskReddit/comments/1re14y6/canada_announces_14_billion_military_aid_package/
26963,8743,88.89,Glass-Situation6916,o7awa5g,2,"Canada announces $1.4 billion military aid package for Ukraine, expands sanctions against Russia what do you think about this action?",/r/AskReddit/comments/1re14y6/canada_announces_14_billion_military_aid_package/
876,87928,4025.52,talentpun,o79d0pv,72,"Canada announces $1.4 billion military aid package for Ukraine, expands sanctions against Russia what do you think about this action?",/r/AskReddit/comments/1re14y6/canada_announces_14_billion_military_aid_package/
1093,82517,4023.79,surSEXECEN,o79dnxf,19,"Canada announces $1.4 billion military aid package for Ukraine, expands sanctions against Russia what do you think about this action?",/r/AskReddit/comments/1re14y6/canada_announces_14_billion_military_aid_package/
3562,45754,1439.59,LeafsWinBeforeIDie,o79knaf,21,"Canada announces $1.4 billion military aid package for Ukraine, expands sanctions against Russia what do you think about this action?",/r/AskReddit/comments/1re14y6/canada_announces_14_billion_military_aid_package/
3748,144505,6780.45,DoubleExposure,o79l5j9,4,"Canada announces $1.4 billion military aid package for Ukraine, expands sanctions against Russia what do you think about this action?",/r/AskReddit/comments/1re14y6/canada_announces_14_billion_military_aid_package/
16029,84999,4823.87,Fleeetch,o7acmoj,5,"Canada announces $1.4 billion military aid package for Ukraine, expands sanctions against Russia what do you think about this action?",/r/AskReddit/comments/1re14y6/canada_announces_14_billion_military_aid_package/
30274,565793,5561.23,Mkilbride,o7b2gps,3,"Canada announces $1.4 billion military aid package for Ukraine, expands sanctions against Russia what do you think about this action?",/r/AskReddit/comments/1re14y6/canada_announces_14_billion_military_aid_package/
4125,505770,2828.75,SteadfastEnd,o79m62e,6,"Canada announces $1.4 billion military aid package for Ukraine, expands sanctions against Russia what do you think about this action?",/r/AskReddit/comments/1re14y6/canada_announces_14_billion_military_aid_package/
864,168746,5357.9,ecclectic,o79czez,86,"Canada announces $1.4 billion military aid package for Ukraine, expands sanctions against Russia what do you think about this action?",/r/AskReddit/comments/1re14y6/canada_announces_14_billion_military_aid_package/
8081,80111,4497.73,AnniversaryRoad,o79w1c7,2,"Canada announces $1.4 billion military aid package for Ukraine, expands sanctions against Russia what do you think about this action?",/r/AskReddit/comments/1re14y6/canada_announces_14_billion_military_aid_package/
2858,240726,5496.65,nutano,o79ioz7,15,"Canada announces $1.4 billion military aid package for Ukraine, expands sanctions against Russia what do you think about this action?",/r/AskReddit/comments/1re14y6/canada_announces_14_billion_military_aid_package/
1385,7590,1493.84,Remarkable_Yak1352,o79eiqr,31,"Canada announces $1.4 billion military aid package for Ukraine, expands sanctions against Russia what do you think about this action?",/r/AskReddit/comments/1re14y6/canada_announces_14_billion_military_aid_package/
1679,3140,561.07,WorkingBicycle1958,o79fd1z,9,"Canada announces $1.4 billion military aid package for Ukraine, expands sanctions against Russia what do you think about this action?",/r/AskReddit/comments/1re14y6/canada_announces_14_billion_military_aid_package/
30600,63981,3499.06,KurtisC1993,o7b33l4,1,"Canada announces $1.4 billion military aid package for Ukraine, expands sanctions against Russia what do you think about this action?",/r/AskReddit/comments/1re14y6/canada_announces_14_billion_military_aid_package/
1186,32984,753.14,ThisIsTheShway,o79dxrh,50,"Canada announces $1.4 billion military aid package for Ukraine, expands sanctions against Russia what do you think about this action?",/r/AskReddit/comments/1re14y6/canada_announces_14_billion_military_aid_package/
8542,216037,4538.56,castlite,o79x429,5,"Canada announces $1.4 billion military aid package for Ukraine, expands sanctions against Russia what do you think about this action?",/r/AskReddit/comments/1re14y6/canada_announces_14_billion_military_aid_package/
89,296417,5048.4,prajnadhyana,o79anft,32,"Canada announces $1.4 billion military aid package for Ukraine, expands sanctions against Russia what do you think about this action?",/r/AskReddit/comments/1re14y6/canada_announces_14_billion_military_aid_package/
1348,3945,1802.72,EventNo9432,o79eesy,23,"Canada announces $1.4 billion military aid package for Ukraine, expands sanctions against Russia what do you think about this action?",/r/AskReddit/comments/1re14y6/canada_announces_14_billion_military_aid_package/
1172,14397,4117.85,stobbsm,o79dwd1,27,"Canada announces $1.4 billion military aid package for Ukraine, expands sanctions against Russia what do you think about this action?",/r/AskReddit/comments/1re14y6/canada_announces_14_billion_military_aid_package/
1331,39479,3538.45,Gonnabefiftysoon,o79ecxl,22,"Canada announces $1.4 billion military aid package for Ukraine, expands sanctions against Russia what do you think about this action?",/r/AskReddit/comments/1re14y6/canada_announces_14_billion_military_aid_package/
1573,102443,2897.65,Concentrateman,o79f27n,29,"Canada announces $1.4 billion military aid package for Ukraine, expands sanctions against Russia what do you think about this action?",/r/AskReddit/comments/1re14y6/canada_announces_14_billion_military_aid_package/
1122,17356,1854.35,ComprehensiveHand232,o79dr0t,14,"Canada announces $1.4 billion military aid package for Ukraine, expands sanctions against Russia what do you think about this action?",/r/AskReddit/comments/1re14y6/canada_announces_14_billion_military_aid_package/
7365,2878,19.42,TyrannasaurusRecht,o79uc92,6,"Canada announces $1.4 billion military aid package for Ukraine, expands sanctions against Russia what do you think about this action?",/r/AskReddit/comments/1re14y6/canada_announces_14_billion_military_aid_package/
4459,3743,525.63,TrickWinner5404,o79n2hv,3,"Canada announces $1.4 billion military aid package for Ukraine, expands sanctions against Russia what do you think about this action?",/r/AskReddit/comments/1re14y6/canada_announces_14_billion_military_aid_package/
15999,19690,782.26,FoggyShrew,o7ackrk,3,"Canada announces $1.4 billion military aid package for Ukraine, expands sanctions against Russia what do you think about this action?",/r/AskReddit/comments/1re14y6/canada_announces_14_billion_military_aid_package/
26142,31074,2290.19,inhaleholdxhale,o7ausft,2,"Canada announces $1.4 billion military aid package for Ukraine, expands sanctions against Russia what do you think about this action?",/r/AskReddit/comments/1re14y6/canada_announces_14_billion_military_aid_package/
24545,83,1346.9,Ok_Firefighter_9742,o7arwqs,3,"Canada announces $1.4 billion military aid package for Ukraine, expands sanctions against Russia what do you think about this action?",/r/AskReddit/comments/1re14y6/canada_announces_14_billion_military_aid_package/
29215,102,1274.03,Visible-Climate-6920,o7b0fp4,2,"Canada announces $1.4 billion military aid package for Ukraine, expands sanctions against Russia what do you think about this action?",/r/AskReddit/comments/1re14y6/canada_announces_14_billion_military_aid_package/
1328,5211,1971.47,specialpb,o79eclu,14,"Canada announces $1.4 billion military aid package for Ukraine, expands sanctions against Russia what do you think about this action?",/r/AskReddit/comments/1re14y6/canada_announces_14_billion_military_aid_package/
2784,40980,4117.6,PokerChipMessage,o79ihhq,8,"Canada announces $1.4 billion military aid package for Ukraine, expands sanctions against Russia what do you think about this action?",/r/AskReddit/comments/1re14y6/canada_announces_14_billion_military_aid_package/
12541,108861,1184.59,LeGrandLucifer,o7a5tl8,8,"Canada announces $1.4 billion military aid package for Ukraine, expands sanctions against Russia what do you think about this action?",/r/AskReddit/comments/1re14y6/canada_announces_14_billion_military_aid_package/
12722,20249,5525.59,radi0head,o7a66se,3,"Canada announces $1.4 billion military aid package for Ukraine, expands sanctions against Russia what do you think about this action?",/r/AskReddit/comments/1re14y6/canada_announces_14_billion_military_aid_package/
5640,23558,1014.94,AssistanceNo3893,o79q4b7,8,"Canada announces $1.4 billion military aid package for Ukraine, expands sanctions against Russia what do you think about this action?",/r/AskReddit/comments/1re14y6/canada_announces_14_billion_military_aid_package/
11596,2529,1286.52,shoffice,o7a3u6j,5,"Canada announces $1.4 billion military aid package for Ukraine, expands sanctions against Russia what do you think about this action?",/r/AskReddit/comments/1re14y6/canada_announces_14_billion_military_aid_package/
12433,459,2055.43,vladigula,o7a5lmn,3,"Canada announces $1.4 billion military aid package for Ukraine, expands sanctions against Russia what do you think about this action?",/r/AskReddit/comments/1re14y6/canada_announces_14_billion_military_aid_package/
1156,41178,3181.89,Iola_Morton,o79duob,6,"Canada announces $1.4 billion military aid package for Ukraine, expands sanctions against Russia what do you think about this action?",/r/AskReddit/comments/1re14y6/canada_announces_14_billion_military_aid_package/
