username,comment_id,comment_text,comment_score,reply_delay_seconds,sentiment_score,post_id,subreddit,timestamp,created_utc,user_karma,account_age_days,comment_karma,is_account_unavailable,is_bot,post_title,post_url
Phatjack_,mre5sbw,Pope Mcpopeface,1,40507,,1ki36is,AskReddit,2025-05-09T09:45:14,1746783914.0,0,,0,1,True,A newly elected pope can technically choose any name he wishes. What name were you hoping for?,/r/AskReddit/comments/1ki36is/a_newly_elected_pope_can_technically_choose_any/
SpaceCancer0,mre5s7r,Popey McPopeFace,1,40505,,1ki36is,AskReddit,2025-05-09T09:45:12,1746783912.0,0,,0,1,True,A newly elected pope can technically choose any name he wishes. What name were you hoping for?,/r/AskReddit/comments/1ki36is/a_newly_elected_pope_can_technically_choose_any/
PBDubs99,mre5pmr,"In the name of the Father, the Son, and the Hehhehhehhehhehhehhehehheh-oly Spirit.",1,40462,,1ki36is,AskReddit,2025-05-09T09:44:29,1746783869.0,0,,0,1,False,A newly elected pope can technically choose any name he wishes. What name were you hoping for?,/r/AskReddit/comments/1ki36is/a_newly_elected_pope_can_technically_choose_any/
Hoosier_Daddy68,mre5l4w,This guys coulda gone Pops Ditka.,1,40386,,1ki36is,AskReddit,2025-05-09T09:43:13,1746783793.0,0,,0,1,False,A newly elected pope can technically choose any name he wishes. What name were you hoping for?,/r/AskReddit/comments/1ki36is/a_newly_elected_pope_can_technically_choose_any/
redcurrantevents,mre5kka,Pope Portillo I,1,40376,,1ki36is,AskReddit,2025-05-09T09:43:03,1746783783.0,0,,0,1,True,A newly elected pope can technically choose any name he wishes. What name were you hoping for?,/r/AskReddit/comments/1ki36is/a_newly_elected_pope_can_technically_choose_any/
Dizzy_Cheesecake_162,mre5jpr,Pope Pepsi Zero!,1,40362,,1ki36is,AskReddit,2025-05-09T09:42:49,1746783769.0,0,,0,1,True,A newly elected pope can technically choose any name he wishes. What name were you hoping for?,/r/AskReddit/comments/1ki36is/a_newly_elected_pope_can_technically_choose_any/
hPisti,mre5jcs,Todd.,1,40356,,1ki36is,AskReddit,2025-05-09T09:42:43,1746783763.0,0,,0,1,True,A newly elected pope can technically choose any name he wishes. What name were you hoping for?,/r/AskReddit/comments/1ki36is/a_newly_elected_pope_can_technically_choose_any/
futerminator,mre5hiw,Popey McPopeFace,1,40324,,1ki36is,AskReddit,2025-05-09T09:42:11,1746783731.0,0,,0,1,True,A newly elected pope can technically choose any name he wishes. What name were you hoping for?,/r/AskReddit/comments/1ki36is/a_newly_elected_pope_can_technically_choose_any/
Kick_in_the_Yarbles,mre5h8c,Popey McPopeFace,1,40319,,1ki36is,AskReddit,2025-05-09T09:42:06,1746783726.0,0,,0,1,True,A newly elected pope can technically choose any name he wishes. What name were you hoping for?,/r/AskReddit/comments/1ki36is/a_newly_elected_pope_can_technically_choose_any/
theonlyvajazzle,mre5h07,Pope pedo,1,40315,,1ki36is,AskReddit,2025-05-09T09:42:02,1746783722.0,0,,0,1,True,A newly elected pope can technically choose any name he wishes. What name were you hoping for?,/r/AskReddit/comments/1ki36is/a_newly_elected_pope_can_technically_choose_any/
Visible-Rub7937,mre5f85,Pope Corn,1,40285,,1ki36is,AskReddit,2025-05-09T09:41:32,1746783692.0,0,,0,1,True,A newly elected pope can technically choose any name he wishes. What name were you hoping for?,/r/AskReddit/comments/1ki36is/a_newly_elected_pope_can_technically_choose_any/
eezgorriseadback,mre5dmu,"I'd be Pope Death Megatron III

Hard as fuck",1,40257,,1ki36is,AskReddit,2025-05-09T09:41:04,1746783664.0,0,,0,1,False,A newly elected pope can technically choose any name he wishes. What name were you hoping for?,/r/AskReddit/comments/1ki36is/a_newly_elected_pope_can_technically_choose_any/
TheProphetDave,mre5atd,I’ll let you guess mine,1,40209,,1ki36is,AskReddit,2025-05-09T09:40:16,1746783616.0,0,,0,1,False,A newly elected pope can technically choose any name he wishes. What name were you hoping for?,/r/AskReddit/comments/1ki36is/a_newly_elected_pope_can_technically_choose_any/
BasenjiMaster,mre5aug,Pope Palpatine,1,40209,,1ki36is,AskReddit,2025-05-09T09:40:16,1746783616.0,0,,0,1,True,A newly elected pope can technically choose any name he wishes. What name were you hoping for?,/r/AskReddit/comments/1ki36is/a_newly_elected_pope_can_technically_choose_any/
Drnstvns,mre56d4,Bernice,1,40131,,1ki36is,AskReddit,2025-05-09T09:38:58,1746783538.0,0,,0,1,True,A newly elected pope can technically choose any name he wishes. What name were you hoping for?,/r/AskReddit/comments/1ki36is/a_newly_elected_pope_can_technically_choose_any/
SuccessfulMumenRider,mre55u4,Popey McPopeface,1,40121,,1ki36is,AskReddit,2025-05-09T09:38:48,1746783528.0,0,,0,1,True,A newly elected pope can technically choose any name he wishes. What name were you hoping for?,/r/AskReddit/comments/1ki36is/a_newly_elected_pope_can_technically_choose_any/
Tynammi,mre55bj,Popey McPope face,1,40112,,1ki36is,AskReddit,2025-05-09T09:38:39,1746783519.0,0,,0,1,True,A newly elected pope can technically choose any name he wishes. What name were you hoping for?,/r/AskReddit/comments/1ki36is/a_newly_elected_pope_can_technically_choose_any/
Spinoza42,mre4zk0,He's only 60... may still get it next time around.,1,40010,,1ki36is,AskReddit,2025-05-09T09:36:57,1746783417.0,0,,0,1,False,A newly elected pope can technically choose any name he wishes. What name were you hoping for?,/r/AskReddit/comments/1ki36is/a_newly_elected_pope_can_technically_choose_any/
Secure-Village-1768,mre4zi2,Pope Beavis the first,1,40009,,1ki36is,AskReddit,2025-05-09T09:36:56,1746783416.0,0,,0,1,False,A newly elected pope can technically choose any name he wishes. What name were you hoping for?,/r/AskReddit/comments/1ki36is/a_newly_elected_pope_can_technically_choose_any/
BDiddy_420,mre4xx3,Zoltan,1,39981,,1ki36is,AskReddit,2025-05-09T09:36:28,1746783388.0,0,,0,1,True,A newly elected pope can technically choose any name he wishes. What name were you hoping for?,/r/AskReddit/comments/1ki36is/a_newly_elected_pope_can_technically_choose_any/
Due_Ad_7579,mre4waw,Pope Bob,1,39952,,1ki36is,AskReddit,2025-05-09T09:35:59,1746783359.0,0,,0,1,True,A newly elected pope can technically choose any name he wishes. What name were you hoping for?,/r/AskReddit/comments/1ki36is/a_newly_elected_pope_can_technically_choose_any/
mkeating8,mre4v3n,Mrs Pope Bernadette,1,39931,,1ki36is,AskReddit,2025-05-09T09:35:38,1746783338.0,0,,0,1,True,A newly elected pope can technically choose any name he wishes. What name were you hoping for?,/r/AskReddit/comments/1ki36is/a_newly_elected_pope_can_technically_choose_any/
StudioKOP,mre4u2h,"Poppius Maginificus the Very First

Or 

The Pop Eyed Pope

Wait, we are talking about band names, right?",1,39912,,1ki36is,AskReddit,2025-05-09T09:35:19,1746783319.0,0,,0,1,False,A newly elected pope can technically choose any name he wishes. What name were you hoping for?,/r/AskReddit/comments/1ki36is/a_newly_elected_pope_can_technically_choose_any/
mkeating8,mre4tqo,Pope Eye,1,39906,,1ki36is,AskReddit,2025-05-09T09:35:13,1746783313.0,0,,0,1,True,A newly elected pope can technically choose any name he wishes. What name were you hoping for?,/r/AskReddit/comments/1ki36is/a_newly_elected_pope_can_technically_choose_any/
Mudders_Milk_Man,mre4tn5,"Yoko didn't break up the Beatles at all. That's a myth. Also, most of the hate towards her is based on utter nonsense.",1,39904,,1ki36is,AskReddit,2025-05-09T09:35:11,1746783311.0,0,,0,1,False,A newly elected pope can technically choose any name he wishes. What name were you hoping for?,/r/AskReddit/comments/1ki36is/a_newly_elected_pope_can_technically_choose_any/
melawfu,mre4suu,Pope goldenpalace.com,1,39891,,1ki36is,AskReddit,2025-05-09T09:34:58,1746783298.0,0,,0,1,False,A newly elected pope can technically choose any name he wishes. What name were you hoping for?,/r/AskReddit/comments/1ki36is/a_newly_elected_pope_can_technically_choose_any/
PsychologicalDebt366,mre4seg,Pope Pourri,1,39883,,1ki36is,AskReddit,2025-05-09T09:34:50,1746783290.0,0,,0,1,True,A newly elected pope can technically choose any name he wishes. What name were you hoping for?,/r/AskReddit/comments/1ki36is/a_newly_elected_pope_can_technically_choose_any/
MistressLiliana,mre4rf6,Judas,1,39866,,1ki36is,AskReddit,2025-05-09T09:34:33,1746783273.0,0,,0,1,True,A newly elected pope can technically choose any name he wishes. What name were you hoping for?,/r/AskReddit/comments/1ki36is/a_newly_elected_pope_can_technically_choose_any/
XROOR,mre4q8a,Papa Smurf,1,39845,,1ki36is,AskReddit,2025-05-09T09:34:12,1746783252.0,0,,0,1,True,A newly elected pope can technically choose any name he wishes. What name were you hoping for?,/r/AskReddit/comments/1ki36is/a_newly_elected_pope_can_technically_choose_any/
Snaggl3t00t4,mre4mvm,Pope Thunderwing Doomslayer I,1,39786,,1ki36is,AskReddit,2025-05-09T09:33:13,1746783193.0,0,,0,1,False,A newly elected pope can technically choose any name he wishes. What name were you hoping for?,/r/AskReddit/comments/1ki36is/a_newly_elected_pope_can_technically_choose_any/
Subtleabuse,mre4ls1,Pipadi papedi,1,39766,,1ki36is,AskReddit,2025-05-09T09:32:53,1746783173.0,0,,0,1,True,A newly elected pope can technically choose any name he wishes. What name were you hoping for?,/r/AskReddit/comments/1ki36is/a_newly_elected_pope_can_technically_choose_any/
Commercial_Ball5624,mre4k68,Mary Pope-ins,1,39739,,1ki36is,AskReddit,2025-05-09T09:32:26,1746783146.0,0,,0,1,True,A newly elected pope can technically choose any name he wishes. What name were you hoping for?,/r/AskReddit/comments/1ki36is/a_newly_elected_pope_can_technically_choose_any/
TechStumbler,mre4ivl,Bob,1,39716,,1ki36is,AskReddit,2025-05-09T09:32:03,1746783123.0,0,,0,1,True,A newly elected pope can technically choose any name he wishes. What name were you hoping for?,/r/AskReddit/comments/1ki36is/a_newly_elected_pope_can_technically_choose_any/
FailedCanadian,mre4hje,"Can't, because he doesn't have a wife",1,39693,,1ki36is,AskReddit,2025-05-09T09:31:40,1746783100.0,0,,0,1,False,A newly elected pope can technically choose any name he wishes. What name were you hoping for?,/r/AskReddit/comments/1ki36is/a_newly_elected_pope_can_technically_choose_any/
meerkat-14,mre4grs,"I have been saying this for a while, I was hoping for Pope Dio. It's bold, I know it's bold but we need boldness in 2025.",1,39679,,1ki36is,AskReddit,2025-05-09T09:31:26,1746783086.0,0,,0,1,False,A newly elected pope can technically choose any name he wishes. What name were you hoping for?,/r/AskReddit/comments/1ki36is/a_newly_elected_pope_can_technically_choose_any/
Captain_Hesperus,mre4f9r,Popey McPopeface,1,39653,,1ki36is,AskReddit,2025-05-09T09:31:00,1746783060.0,0,,0,1,True,A newly elected pope can technically choose any name he wishes. What name were you hoping for?,/r/AskReddit/comments/1ki36is/a_newly_elected_pope_can_technically_choose_any/
brtbr-rah99,mre4d2d,Pope Sicola,1,39613,,1ki36is,AskReddit,2025-05-09T09:30:20,1746783020.0,0,,0,1,True,A newly elected pope can technically choose any name he wishes. What name were you hoping for?,/r/AskReddit/comments/1ki36is/a_newly_elected_pope_can_technically_choose_any/
Normal-Fall2821,mre4ctz,It was out already that he picked Leo I thought?,1,39609,,1ki36is,AskReddit,2025-05-09T09:30:16,1746783016.0,0,,0,1,False,A newly elected pope can technically choose any name he wishes. What name were you hoping for?,/r/AskReddit/comments/1ki36is/a_newly_elected_pope_can_technically_choose_any/
susanbrody8,mre4axb,Pope Jesus,1,39576,,1ki36is,AskReddit,2025-05-09T09:29:43,1746782983.0,0,,0,1,True,A newly elected pope can technically choose any name he wishes. What name were you hoping for?,/r/AskReddit/comments/1ki36is/a_newly_elected_pope_can_technically_choose_any/
SpiketheFox32,mre4ahl,Pope Malone,1,39569,,1ki36is,AskReddit,2025-05-09T09:29:36,1746782976.0,0,,0,1,True,A newly elected pope can technically choose any name he wishes. What name were you hoping for?,/r/AskReddit/comments/1ki36is/a_newly_elected_pope_can_technically_choose_any/
ianishomer,mre49mu,Pete O'File,1,39553,,1ki36is,AskReddit,2025-05-09T09:29:20,1746782960.0,0,,0,1,True,A newly elected pope can technically choose any name he wishes. What name were you hoping for?,/r/AskReddit/comments/1ki36is/a_newly_elected_pope_can_technically_choose_any/
Effective_Dust_177,mre48a9,Pope Chuck agrees.,1,39528,,1ki36is,AskReddit,2025-05-09T09:28:55,1746782935.0,0,,0,1,True,A newly elected pope can technically choose any name he wishes. What name were you hoping for?,/r/AskReddit/comments/1ki36is/a_newly_elected_pope_can_technically_choose_any/
Lunar_Day5541,mre47xm,"Anything but Leon. I just bought a new car, a Seat Leon. White color. I'll be driving the papamobile",1,39521,,1ki36is,AskReddit,2025-05-09T09:28:48,1746782928.0,0,,0,1,False,A newly elected pope can technically choose any name he wishes. What name were you hoping for?,/r/AskReddit/comments/1ki36is/a_newly_elected_pope_can_technically_choose_any/
Cardioman,mre47lv,Poppy Mcpopyface,1,39516,,1ki36is,AskReddit,2025-05-09T09:28:43,1746782923.0,0,,0,1,True,A newly elected pope can technically choose any name he wishes. What name were you hoping for?,/r/AskReddit/comments/1ki36is/a_newly_elected_pope_can_technically_choose_any/
danfay222,mre46dn,Peter is definitely a “full chaos” name,1,39494,,1ki36is,AskReddit,2025-05-09T09:28:21,1746782901.0,0,,0,1,False,A newly elected pope can technically choose any name he wishes. What name were you hoping for?,/r/AskReddit/comments/1ki36is/a_newly_elected_pope_can_technically_choose_any/
FacticiousFict,mre45nx,"Pope number 9, Pope number 9, Pope number 9, Pope number 9, Papa numero IX, Pope number 9, etc.",1,39482,,1ki36is,AskReddit,2025-05-09T09:28:09,1746782889.0,0,,0,1,False,A newly elected pope can technically choose any name he wishes. What name were you hoping for?,/r/AskReddit/comments/1ki36is/a_newly_elected_pope_can_technically_choose_any/
DancesWithHoofs,mre43ld,Kosmo,1,39445,,1ki36is,AskReddit,2025-05-09T09:27:32,1746782852.0,0,,0,1,True,A newly elected pope can technically choose any name he wishes. What name were you hoping for?,/r/AskReddit/comments/1ki36is/a_newly_elected_pope_can_technically_choose_any/
Dizzy-Supermarket554,mre4262,Bob The Destroyer,1,39419,,1ki36is,AskReddit,2025-05-09T09:27:06,1746782826.0,0,,0,1,True,A newly elected pope can technically choose any name he wishes. What name were you hoping for?,/r/AskReddit/comments/1ki36is/a_newly_elected_pope_can_technically_choose_any/
Beneficial_Cry_2584,mre41it,Poollkk,1,39408,,1ki36is,AskReddit,2025-05-09T09:26:55,1746782815.0,0,,0,1,True,A newly elected pope can technically choose any name he wishes. What name were you hoping for?,/r/AskReddit/comments/1ki36is/a_newly_elected_pope_can_technically_choose_any/
beflacktor,mre3upx,popey mc pope face? :) (sry had to),1,39288,,1ki36is,AskReddit,2025-05-09T09:24:55,1746782695.0,0,,0,1,False,A newly elected pope can technically choose any name he wishes. What name were you hoping for?,/r/AskReddit/comments/1ki36is/a_newly_elected_pope_can_technically_choose_any/
ForestFungus,mre3s22,"I think Pope Leo has a strong ring to it, evoking strength and leadership, or Pope Francis continues the theme of humility and service. What name would you have liked to see?",1,39241,,1ki36is,AskReddit,2025-05-09T09:24:08,1746782648.0,0,,0,1,False,A newly elected pope can technically choose any name he wishes. What name were you hoping for?,/r/AskReddit/comments/1ki36is/a_newly_elected_pope_can_technically_choose_any/
PrimaryCoach861,mre3rk7,Kuma,1,39232,,1ki36is,AskReddit,2025-05-09T09:23:59,1746782639.0,0,,0,1,True,A newly elected pope can technically choose any name he wishes. What name were you hoping for?,/r/AskReddit/comments/1ki36is/a_newly_elected_pope_can_technically_choose_any/
beaniebee11,mre3qs4,I quite like pope Leo cos if you say it right then he's a pokemon.,1,39218,,1ki36is,AskReddit,2025-05-09T09:23:45,1746782625.0,0,,0,1,False,A newly elected pope can technically choose any name he wishes. What name were you hoping for?,/r/AskReddit/comments/1ki36is/a_newly_elected_pope_can_technically_choose_any/
Emceesam,mre3qky,"Pope Optimus prime, first of his name, and keeper of the Allspark. His papacy would be committed to working from the shadows to keep us all safe from the insideous Decepticon threat.",1,39215,,1ki36is,AskReddit,2025-05-09T09:23:42,1746782622.0,0,,0,1,False,A newly elected pope can technically choose any name he wishes. What name were you hoping for?,/r/AskReddit/comments/1ki36is/a_newly_elected_pope_can_technically_choose_any/
AggressiveSalad2311,mre3lmo,Pope Urban II.1,1,39126,,1ki36is,AskReddit,2025-05-09T09:22:13,1746782533.0,0,,0,1,True,A newly elected pope can technically choose any name he wishes. What name were you hoping for?,/r/AskReddit/comments/1ki36is/a_newly_elected_pope_can_technically_choose_any/
greutskolet,mre3k9t,Pope mcpopeface,1,39103,,1ki36is,AskReddit,2025-05-09T09:21:50,1746782510.0,0,,0,1,True,A newly elected pope can technically choose any name he wishes. What name were you hoping for?,/r/AskReddit/comments/1ki36is/a_newly_elected_pope_can_technically_choose_any/
JimPanZoo,mre3ia0,"Well the South side of Chicago
Is the baddest part of town
And if you go down there
You better just beware
Of a Pope named Leroy Brown",1,39067,,1ki36is,AskReddit,2025-05-09T09:21:14,1746782474.0,0,,0,1,False,A newly elected pope can technically choose any name he wishes. What name were you hoping for?,/r/AskReddit/comments/1ki36is/a_newly_elected_pope_can_technically_choose_any/
Leonos,mre3htg,I hoped he was named after me.,1,39059,,1ki36is,AskReddit,2025-05-09T09:21:06,1746782466.0,0,,0,1,False,A newly elected pope can technically choose any name he wishes. What name were you hoping for?,/r/AskReddit/comments/1ki36is/a_newly_elected_pope_can_technically_choose_any/
banananey,mre3fwa,Pope Ingdowntotheshopanyoneneedanything?,1,39024,,1ki36is,AskReddit,2025-05-09T09:20:31,1746782431.0,0,,0,1,False,A newly elected pope can technically choose any name he wishes. What name were you hoping for?,/r/AskReddit/comments/1ki36is/a_newly_elected_pope_can_technically_choose_any/
yowhatismyusername,mre3d9v,i’m so sleep deprived this made me cackle ily,1,38979,,1ki36is,AskReddit,2025-05-09T09:19:46,1746782386.0,0,,0,1,False,A newly elected pope can technically choose any name he wishes. What name were you hoping for?,/r/AskReddit/comments/1ki36is/a_newly_elected_pope_can_technically_choose_any/
TDYDave2,mre3cka,Popey McPopeface,1,38967,,1ki36is,AskReddit,2025-05-09T09:19:34,1746782374.0,0,,0,1,True,A newly elected pope can technically choose any name he wishes. What name were you hoping for?,/r/AskReddit/comments/1ki36is/a_newly_elected_pope_can_technically_choose_any/
badmother,mre3bex,Incontinentia... Incontinentia Buttox.,1,38946,,1ki36is,AskReddit,2025-05-09T09:19:13,1746782353.0,0,,0,1,False,A newly elected pope can technically choose any name he wishes. What name were you hoping for?,/r/AskReddit/comments/1ki36is/a_newly_elected_pope_can_technically_choose_any/
badmother,mre3904,Thtwike him thenturion! Vewy woughly.,1,38903,,1ki36is,AskReddit,2025-05-09T09:18:30,1746782310.0,0,,0,1,False,A newly elected pope can technically choose any name he wishes. What name were you hoping for?,/r/AskReddit/comments/1ki36is/a_newly_elected_pope_can_technically_choose_any/
FreonJunkie96,mre383v,Popey McPopeface,1,38887,,1ki36is,AskReddit,2025-05-09T09:18:14,1746782294.0,0,,0,1,True,A newly elected pope can technically choose any name he wishes. What name were you hoping for?,/r/AskReddit/comments/1ki36is/a_newly_elected_pope_can_technically_choose_any/
MOTUkraken,mre3378,I actually have this fact ok deck. The wonders of ADHD and randomly remembering related information you have read ten years ago but forgetting why you‘re in the kitchen.,1,38800,,1ki36is,AskReddit,2025-05-09T09:16:47,1746782207.0,0,,0,1,False,A newly elected pope can technically choose any name he wishes. What name were you hoping for?,/r/AskReddit/comments/1ki36is/a_newly_elected_pope_can_technically_choose_any/
Neosmagus,mre31ox,Papa John,1,38773,,1ki36is,AskReddit,2025-05-09T09:16:20,1746782180.0,0,,0,1,True,A newly elected pope can technically choose any name he wishes. What name were you hoping for?,/r/AskReddit/comments/1ki36is/a_newly_elected_pope_can_technically_choose_any/
Roko__,mre316n,Popy McPopeface,1,38764,,1ki36is,AskReddit,2025-05-09T09:16:11,1746782171.0,0,,0,1,True,A newly elected pope can technically choose any name he wishes. What name were you hoping for?,/r/AskReddit/comments/1ki36is/a_newly_elected_pope_can_technically_choose_any/
Low_Ad8311,mre30gz,Jedi Master Leo XIV,1,38752,,1ki36is,AskReddit,2025-05-09T09:15:59,1746782159.0,0,,0,1,True,A newly elected pope can technically choose any name he wishes. What name were you hoping for?,/r/AskReddit/comments/1ki36is/a_newly_elected_pope_can_technically_choose_any/
LazyLaserWhittling,mre30cq,"Pope JFC, that way he can respond when anyone says his name in frustration. There are alot of really frustrated folks out there now that the trump-monkey and his band of idiots are screwing up the planet and are in the pope's radar.",1,38749,,1ki36is,AskReddit,2025-05-09T09:15:56,1746782156.0,0,,0,1,False,A newly elected pope can technically choose any name he wishes. What name were you hoping for?,/r/AskReddit/comments/1ki36is/a_newly_elected_pope_can_technically_choose_any/
DejaEntenduOne,mre2yg7,Popeye,1,38716,,1ki36is,AskReddit,2025-05-09T09:15:23,1746782123.0,0,,0,1,True,A newly elected pope can technically choose any name he wishes. What name were you hoping for?,/r/AskReddit/comments/1ki36is/a_newly_elected_pope_can_technically_choose_any/
abbas09tdoxo,mre2vq9,Pucci,1,38669,,1ki36is,AskReddit,2025-05-09T09:14:36,1746782076.0,0,,0,1,True,A newly elected pope can technically choose any name he wishes. What name were you hoping for?,/r/AskReddit/comments/1ki36is/a_newly_elected_pope_can_technically_choose_any/
jdawbrown,mre2ry8,Pope Po,1,38600,,1ki36is,AskReddit,2025-05-09T09:13:27,1746782007.0,0,,0,1,True,A newly elected pope can technically choose any name he wishes. What name were you hoping for?,/r/AskReddit/comments/1ki36is/a_newly_elected_pope_can_technically_choose_any/
litt_ttil,mre2p7b,"I'm hoping for a Pope Jesus, Pope Judas or Pope Lucifer. I mean recycling the Papal names of the past popes are boring, dude.",1,38551,,1ki36is,AskReddit,2025-05-09T09:12:38,1746781958.0,0,,0,1,False,A newly elected pope can technically choose any name he wishes. What name were you hoping for?,/r/AskReddit/comments/1ki36is/a_newly_elected_pope_can_technically_choose_any/
pvssiprincess,mre2ocf,John Paul was too recent still,1,38535,,1ki36is,AskReddit,2025-05-09T09:12:22,1746781942.0,0,,0,1,False,A newly elected pope can technically choose any name he wishes. What name were you hoping for?,/r/AskReddit/comments/1ki36is/a_newly_elected_pope_can_technically_choose_any/
omwpacificnorthwest,mre2lef,Pope Quizz,1,38482,,1ki36is,AskReddit,2025-05-09T09:11:29,1746781889.0,0,,0,1,True,A newly elected pope can technically choose any name he wishes. What name were you hoping for?,/r/AskReddit/comments/1ki36is/a_newly_elected_pope_can_technically_choose_any/
BavariaBeast,mre2k5g,Pope Werbenjagermanjensen I.,1,38460,,1ki36is,AskReddit,2025-05-09T09:11:07,1746781867.0,0,,0,1,False,A newly elected pope can technically choose any name he wishes. What name were you hoping for?,/r/AskReddit/comments/1ki36is/a_newly_elected_pope_can_technically_choose_any/
NukeouT,mre2ho6,McPope,1,38417,,1ki36is,AskReddit,2025-05-09T09:10:24,1746781824.0,0,,0,1,True,A newly elected pope can technically choose any name he wishes. What name were you hoping for?,/r/AskReddit/comments/1ki36is/a_newly_elected_pope_can_technically_choose_any/
PrudentPush8309,mre2g9v,Popey McPopeFace,1,38392,,1ki36is,AskReddit,2025-05-09T09:09:59,1746781799.0,0,,0,1,True,A newly elected pope can technically choose any name he wishes. What name were you hoping for?,/r/AskReddit/comments/1ki36is/a_newly_elected_pope_can_technically_choose_any/
dzzi,mre2fym,Pope Femboy Hooters,1,38386,,1ki36is,AskReddit,2025-05-09T09:09:53,1746781793.0,0,,0,1,True,A newly elected pope can technically choose any name he wishes. What name were you hoping for?,/r/AskReddit/comments/1ki36is/a_newly_elected_pope_can_technically_choose_any/
UpgradingLight,mre2fe5,Dope pope,1,38376,,1ki36is,AskReddit,2025-05-09T09:09:43,1746781783.0,0,,0,1,True,A newly elected pope can technically choose any name he wishes. What name were you hoping for?,/r/AskReddit/comments/1ki36is/a_newly_elected_pope_can_technically_choose_any/
FutureUpbeat2092,mre27v4,Pope Smoke,1,38236,,1ki36is,AskReddit,2025-05-09T09:07:23,1746781643.0,0,,0,1,True,A newly elected pope can technically choose any name he wishes. What name were you hoping for?,/r/AskReddit/comments/1ki36is/a_newly_elected_pope_can_technically_choose_any/
GarethOfQuirm,mre264q,He's his own best friend,1,38203,,1ki36is,AskReddit,2025-05-09T09:06:50,1746781610.0,0,,0,1,False,A newly elected pope can technically choose any name he wishes. What name were you hoping for?,/r/AskReddit/comments/1ki36is/a_newly_elected_pope_can_technically_choose_any/
GarethOfQuirm,mre24q8,"He has a wife, you know.....",1,38177,,1ki36is,AskReddit,2025-05-09T09:06:24,1746781584.0,0,,0,1,False,A newly elected pope can technically choose any name he wishes. What name were you hoping for?,/r/AskReddit/comments/1ki36is/a_newly_elected_pope_can_technically_choose_any/
GarethOfQuirm,mre244p,Pope Skibidi I,1,38166,,1ki36is,AskReddit,2025-05-09T09:06:13,1746781573.0,0,,0,1,True,A newly elected pope can technically choose any name he wishes. What name were you hoping for?,/r/AskReddit/comments/1ki36is/a_newly_elected_pope_can_technically_choose_any/
International_Boss81,mre22q6,Me too!,1,38141,,1ki36is,AskReddit,2025-05-09T09:05:48,1746781548.0,0,,0,1,True,A newly elected pope can technically choose any name he wishes. What name were you hoping for?,/r/AskReddit/comments/1ki36is/a_newly_elected_pope_can_technically_choose_any/
Agente_Anaranjado,mre22ln,Biggus Dickus I,1,38139,,1ki36is,AskReddit,2025-05-09T09:05:46,1746781546.0,0,,0,1,True,A newly elected pope can technically choose any name he wishes. What name were you hoping for?,/r/AskReddit/comments/1ki36is/a_newly_elected_pope_can_technically_choose_any/
-Leegion,mre20ho,Sith Sixtus Sixth,1,38101,,1ki36is,AskReddit,2025-05-09T09:05:08,1746781508.0,0,,0,1,True,A newly elected pope can technically choose any name he wishes. What name were you hoping for?,/r/AskReddit/comments/1ki36is/a_newly_elected_pope_can_technically_choose_any/
Arbetarklassen,mre1zrg,Pope Boomshakalaka,1,38088,,1ki36is,AskReddit,2025-05-09T09:04:55,1746781495.0,0,,0,1,True,A newly elected pope can technically choose any name he wishes. What name were you hoping for?,/r/AskReddit/comments/1ki36is/a_newly_elected_pope_can_technically_choose_any/
International_Boss81,mre1zpb,Buzz McCrackin.,1,38087,,1ki36is,AskReddit,2025-05-09T09:04:54,1746781494.0,0,,0,1,True,A newly elected pope can technically choose any name he wishes. What name were you hoping for?,/r/AskReddit/comments/1ki36is/a_newly_elected_pope_can_technically_choose_any/
No-Incident6359,mre1x8k,Pope Ken,1,38042,,1ki36is,AskReddit,2025-05-09T09:04:09,1746781449.0,0,,0,1,True,A newly elected pope can technically choose any name he wishes. What name were you hoping for?,/r/AskReddit/comments/1ki36is/a_newly_elected_pope_can_technically_choose_any/
Connect-Ladder3749,mre1wh9,Thixtuth the Thixth,1,38028,,1ki36is,AskReddit,2025-05-09T09:03:55,1746781435.0,0,,0,1,True,A newly elected pope can technically choose any name he wishes. What name were you hoping for?,/r/AskReddit/comments/1ki36is/a_newly_elected_pope_can_technically_choose_any/
thatjoeaverage,mre1tk6,Taserface,1,37976,,1ki36is,AskReddit,2025-05-09T09:03:03,1746781383.0,0,,0,1,True,A newly elected pope can technically choose any name he wishes. What name were you hoping for?,/r/AskReddit/comments/1ki36is/a_newly_elected_pope_can_technically_choose_any/
Pinorckle,mre1tdw,"Barfolomew, Barf for short",1,37973,,1ki36is,AskReddit,2025-05-09T09:03:00,1746781380.0,0,,0,1,False,A newly elected pope can technically choose any name he wishes. What name were you hoping for?,/r/AskReddit/comments/1ki36is/a_newly_elected_pope_can_technically_choose_any/
Grueaux,mre1s00,Pope Joseph Smith II,1,37948,,1ki36is,AskReddit,2025-05-09T09:02:35,1746781355.0,0,,0,1,False,A newly elected pope can technically choose any name he wishes. What name were you hoping for?,/r/AskReddit/comments/1ki36is/a_newly_elected_pope_can_technically_choose_any/
Boonatix,mre1qws,Pope Poe,1,37928,,1ki36is,AskReddit,2025-05-09T09:02:15,1746781335.0,0,,0,1,True,A newly elected pope can technically choose any name he wishes. What name were you hoping for?,/r/AskReddit/comments/1ki36is/a_newly_elected_pope_can_technically_choose_any/
kupimukki,mre1qs0,"Fyi the one guy was Peter the apostle, founder of stuff and shit. Hence the prophecy.",1,37926,,1ki36is,AskReddit,2025-05-09T09:02:13,1746781333.0,0,,0,1,False,A newly elected pope can technically choose any name he wishes. What name were you hoping for?,/r/AskReddit/comments/1ki36is/a_newly_elected_pope_can_technically_choose_any/
21archman21,mre1qbl,Geno.,1,37918,,1ki36is,AskReddit,2025-05-09T09:02:05,1746781325.0,0,,0,1,True,A newly elected pope can technically choose any name he wishes. What name were you hoping for?,/r/AskReddit/comments/1ki36is/a_newly_elected_pope_can_technically_choose_any/
Plus_Sherbet460,mre1qb2,Father todd unctious I was hoping,1,37917,,1ki36is,AskReddit,2025-05-09T09:02:04,1746781324.0,0,,0,1,False,A newly elected pope can technically choose any name he wishes. What name were you hoping for?,/r/AskReddit/comments/1ki36is/a_newly_elected_pope_can_technically_choose_any/
Sno_Wolf,mre1n0s,Pope Pederast Defender CCLXVIII.,1,37857,,1ki36is,AskReddit,2025-05-09T09:01:04,1746781264.0,0,,0,1,False,A newly elected pope can technically choose any name he wishes. What name were you hoping for?,/r/AskReddit/comments/1ki36is/a_newly_elected_pope_can_technically_choose_any/
DrunkStoleATank,mre1ljv,Joey Joe Joe Shabadoo Jnr,1,37830,,1ki36is,AskReddit,2025-05-09T09:00:37,1746781237.0,0,,0,1,False,A newly elected pope can technically choose any name he wishes. What name were you hoping for?,/r/AskReddit/comments/1ki36is/a_newly_elected_pope_can_technically_choose_any/
oirott,mre1l10,xXDarkangelcraft69Xx,1,37821,,1ki36is,AskReddit,2025-05-09T09:00:28,1746781228.0,0,,0,1,False,A newly elected pope can technically choose any name he wishes. What name were you hoping for?,/r/AskReddit/comments/1ki36is/a_newly_elected_pope_can_technically_choose_any/
sydneyian1507,mre1k7n,Pope Pope,1,37807,,1ki36is,AskReddit,2025-05-09T09:00:14,1746781214.0,0,,0,1,True,A newly elected pope can technically choose any name he wishes. What name were you hoping for?,/r/AskReddit/comments/1ki36is/a_newly_elected_pope_can_technically_choose_any/
silentanthrx,mre1hyq,"chat GPT made it into this:

🎵 Pope A’Roach – “Last Report” (Parody of “Last Resort” by Papa Roach)
Use this to play along with the original beat — syllables are matched as close as possible for proper timing/subtitles.
Cut my mass into pieces
This is my last report
Sanct-i-fi-ca-tion, no sin-ning
Can’t give a mass with atheists breedin’

Don’t give a damn if I get caught cheat-in’
Turn from the mic — now I’m praisin’ Je-sus
This is my new vocation
Don’t care if it’s all just recrea-tion

🎵 Suffocation — no bleeding!
Don’t wanna hear your Protestant reasoning
If I don’t find true redemp-tion
I’ll fake it with a sweet con-fes-sion

This is my last report!

Cut my robes, bless the ashes
I’m on tour, sellin’ Pope passes
Holiness for the right donation
Pray online — get your own sal-va-tion

Faith on trial, the memes are thrivin’
Bishops dancin’, scandals risin’
Wine’s not blood, it's boxed and fake
And the choir’s high on angel cake

🎵 Suffocation — no bleeding!
Bible’s thick but the Pope is tweeting
If I don’t get some new followers
I'll just call up more card-i-nals

This is my last report!

Takin’ Mass through the livestream screen
“Body of Christ” via DoorDash team
Excommed but I'm still trendin’
Pray to me — it’s a brand new branding

Vatican vault’s got crypto stacks
Judas coin makin’ sinful racks
Smells like guilt in the incense fog
And Saint Peter’s runnin’ from the blog

🎵 Suffocation — no bleeding!
Can’t repent, so I’m just retreatin’
If I don’t find some peace today
I’ll blame it on the C.O.C.

This is my last report!",1,37765,,1ki36is,AskReddit,2025-05-09T08:59:32,1746781172.0,0,,0,1,False,A newly elected pope can technically choose any name he wishes. What name were you hoping for?,/r/AskReddit/comments/1ki36is/a_newly_elected_pope_can_technically_choose_any/
Snoo83081,mre1gca,Skibidi pope I,1,37736,,1ki36is,AskReddit,2025-05-09T08:59:03,1746781143.0,0,,0,1,True,A newly elected pope can technically choose any name he wishes. What name were you hoping for?,/r/AskReddit/comments/1ki36is/a_newly_elected_pope_can_technically_choose_any/
annabnzl,mre1edy,Steve or Mike,1,37701,,1ki36is,AskReddit,2025-05-09T08:58:28,1746781108.0,0,,0,1,True,A newly elected pope can technically choose any name he wishes. What name were you hoping for?,/r/AskReddit/comments/1ki36is/a_newly_elected_pope_can_technically_choose_any/
Nilmerdrigor,mre1e29,Popey McPopeface,1,37695,,1ki36is,AskReddit,2025-05-09T08:58:22,1746781102.0,0,,0,1,True,A newly elected pope can technically choose any name he wishes. What name were you hoping for?,/r/AskReddit/comments/1ki36is/a_newly_elected_pope_can_technically_choose_any/
Ok_Heart_2721,mre1bi9,Esteban Julio Ricardo Montoya de la Rosa Ramirez,1,37650,,1ki36is,AskReddit,2025-05-09T08:57:37,1746781057.0,0,,0,1,False,A newly elected pope can technically choose any name he wishes. What name were you hoping for?,/r/AskReddit/comments/1ki36is/a_newly_elected_pope_can_technically_choose_any/
StacyWithoutAnE,mre131o,"Rope-a-Dope-Pope would have been catchy.

The merchandising rights alone could have tripled the value of the Vatican coffers.

And then maybe, just maybe, they would help out some of those children who were unfortunately in the presence of some of their vile, unforgivable priests.

Yep. You know who I'm talking about. The world does too.",1,37496,,1ki36is,AskReddit,2025-05-09T08:55:03,1746780903.0,0,,0,1,False,A newly elected pope can technically choose any name he wishes. What name were you hoping for?,/r/AskReddit/comments/1ki36is/a_newly_elected_pope_can_technically_choose_any/
gtripwood,mre0z8f,Bob Pope,1,37428,,1ki36is,AskReddit,2025-05-09T08:53:55,1746780835.0,0,,0,1,True,A newly elected pope can technically choose any name he wishes. What name were you hoping for?,/r/AskReddit/comments/1ki36is/a_newly_elected_pope_can_technically_choose_any/
Tree_Trunks-00-,mre0y8u,"Pope Saint Peter, in honor of the first 
Christian pope, &amp; disciple of Jesus :)",1,37410,,1ki36is,AskReddit,2025-05-09T08:53:37,1746780817.0,0,,0,1,False,A newly elected pope can technically choose any name he wishes. What name were you hoping for?,/r/AskReddit/comments/1ki36is/a_newly_elected_pope_can_technically_choose_any/
SushiGuacDNA,mre0x5u,Popey McPopeface.,1,37391,,1ki36is,AskReddit,2025-05-09T08:53:18,1746780798.0,0,,0,1,True,A newly elected pope can technically choose any name he wishes. What name were you hoping for?,/r/AskReddit/comments/1ki36is/a_newly_elected_pope_can_technically_choose_any/
Headonyst,mre0wrb,Kevin,1,37384,,1ki36is,AskReddit,2025-05-09T08:53:11,1746780791.0,0,,0,1,True,A newly elected pope can technically choose any name he wishes. What name were you hoping for?,/r/AskReddit/comments/1ki36is/a_newly_elected_pope_can_technically_choose_any/
silentanthrx,mre0wqq,"Don't give a fuck if I get caught cheat'in

rolls better imo",1,37383,,1ki36is,AskReddit,2025-05-09T08:53:10,1746780790.0,0,,0,1,False,A newly elected pope can technically choose any name he wishes. What name were you hoping for?,/r/AskReddit/comments/1ki36is/a_newly_elected_pope_can_technically_choose_any/
Kobo720,mre0w3z,"I was hoping he’d choose: ‘Leftists are total morons’. 
Oh well. 😏",1,37373,,1ki36is,AskReddit,2025-05-09T08:53:00,1746780780.0,0,,0,1,False,A newly elected pope can technically choose any name he wishes. What name were you hoping for?,/r/AskReddit/comments/1ki36is/a_newly_elected_pope_can_technically_choose_any/
JohnnyHeel,mre0vka,Pope Muffy,1,37362,,1ki36is,AskReddit,2025-05-09T08:52:49,1746780769.0,0,,0,1,True,A newly elected pope can technically choose any name he wishes. What name were you hoping for?,/r/AskReddit/comments/1ki36is/a_newly_elected_pope_can_technically_choose_any/
6FtAboveGround,mre0ug1,The Pontiff Formerly Known as Bob,1,37342,,1ki36is,AskReddit,2025-05-09T08:52:29,1746780749.0,0,,0,1,False,A newly elected pope can technically choose any name he wishes. What name were you hoping for?,/r/AskReddit/comments/1ki36is/a_newly_elected_pope_can_technically_choose_any/
sinner237,mre0tq4,Dope pope the first!,1,37330,,1ki36is,AskReddit,2025-05-09T08:52:17,1746780737.0,0,,0,1,False,A newly elected pope can technically choose any name he wishes. What name were you hoping for?,/r/AskReddit/comments/1ki36is/a_newly_elected_pope_can_technically_choose_any/
Stephen_Dann,mre0qvc,"As he is now a citizen of Peru

Pope Paddington

Hoc est enim corpus meum this Marmalade sandwich",1,37278,,1ki36is,AskReddit,2025-05-09T08:51:25,1746780685.0,0,,0,1,False,A newly elected pope can technically choose any name he wishes. What name were you hoping for?,/r/AskReddit/comments/1ki36is/a_newly_elected_pope_can_technically_choose_any/
WonderfulHat5297,mre0q5o,Grimaldus,1,37265,,1ki36is,AskReddit,2025-05-09T08:51:12,1746780672.0,0,,0,1,True,A newly elected pope can technically choose any name he wishes. What name were you hoping for?,/r/AskReddit/comments/1ki36is/a_newly_elected_pope_can_technically_choose_any/
Stegtastic100,mre0o94,Pope George Ringo? He’s not even the best cardinal in the Catholic Church!,1,37230,,1ki36is,AskReddit,2025-05-09T08:50:37,1746780637.0,0,,0,1,False,A newly elected pope can technically choose any name he wishes. What name were you hoping for?,/r/AskReddit/comments/1ki36is/a_newly_elected_pope_can_technically_choose_any/
DisinterestedHandjob,mre0mq1,Hilarius.,1,37203,,1ki36is,AskReddit,2025-05-09T08:50:10,1746780610.0,0,,0,1,True,A newly elected pope can technically choose any name he wishes. What name were you hoping for?,/r/AskReddit/comments/1ki36is/a_newly_elected_pope_can_technically_choose_any/
robeye0815,mre0mql,I was hoping for a true r/tragedeigh,1,37203,,1ki36is,AskReddit,2025-05-09T08:50:10,1746780610.0,0,,0,1,False,A newly elected pope can technically choose any name he wishes. What name were you hoping for?,/r/AskReddit/comments/1ki36is/a_newly_elected_pope_can_technically_choose_any/
M_Alex,mre0kub,"Hadrian the Seventh, because of Frederick Rolfe's novel, Hadrian the Seventh.

Also, Linus the Second, first of because most people don't remember that there was a pope names Linus, and second of all, because it reminds me of the Charlie Brown character.",1,37169,,1ki36is,AskReddit,2025-05-09T08:49:36,1746780576.0,0,,0,1,False,A newly elected pope can technically choose any name he wishes. What name were you hoping for?,/r/AskReddit/comments/1ki36is/a_newly_elected_pope_can_technically_choose_any/
TheGryphonRaven,mre0k4g,Great minds think alike,1,37156,,1ki36is,AskReddit,2025-05-09T08:49:23,1746780563.0,0,,0,1,False,A newly elected pope can technically choose any name he wishes. What name were you hoping for?,/r/AskReddit/comments/1ki36is/a_newly_elected_pope_can_technically_choose_any/
TheBassMeister,mre0j7c,xXx\_pussySlayer69\_xXx,1,37139,,1ki36is,AskReddit,2025-05-09T08:49:06,1746780546.0,0,,0,1,False,A newly elected pope can technically choose any name he wishes. What name were you hoping for?,/r/AskReddit/comments/1ki36is/a_newly_elected_pope_can_technically_choose_any/
RB-44,mre0iok,I like how one guy said fuck it let's see what happens,1,37130,,1ki36is,AskReddit,2025-05-09T08:48:57,1746780537.0,0,,0,1,False,A newly elected pope can technically choose any name he wishes. What name were you hoping for?,/r/AskReddit/comments/1ki36is/a_newly_elected_pope_can_technically_choose_any/
TopComprehensive6533,mre0gro,Popey mc pope face,1,37095,,1ki36is,AskReddit,2025-05-09T08:48:22,1746780502.0,0,,0,1,True,A newly elected pope can technically choose any name he wishes. What name were you hoping for?,/r/AskReddit/comments/1ki36is/a_newly_elected_pope_can_technically_choose_any/
Yella_Chicken,mre0enh,"He should be called Eye. He should also have massive forearms, smoke a pipe and eat spinach.",1,37058,,1ki36is,AskReddit,2025-05-09T08:47:45,1746780465.0,0,,0,1,False,A newly elected pope can technically choose any name he wishes. What name were you hoping for?,/r/AskReddit/comments/1ki36is/a_newly_elected_pope_can_technically_choose_any/
Entreloup,mre0cbj,xxxTheChosenOnexxx The First,1,37016,,1ki36is,AskReddit,2025-05-09T08:47:03,1746780423.0,0,,0,1,False,A newly elected pope can technically choose any name he wishes. What name were you hoping for?,/r/AskReddit/comments/1ki36is/a_newly_elected_pope_can_technically_choose_any/
MotherSpell6112,mre0b7j,Ace Mcnasty,1,36997,,1ki36is,AskReddit,2025-05-09T08:46:44,1746780404.0,0,,0,1,True,A newly elected pope can technically choose any name he wishes. What name were you hoping for?,/r/AskReddit/comments/1ki36is/a_newly_elected_pope_can_technically_choose_any/
Bl0wUpTheM00n,mre0a4s,"A guy in my high school Latin class chose the name ‘Medicus Amor.’ 

I’d steal that.",1,36977,,1ki36is,AskReddit,2025-05-09T08:46:24,1746780384.0,0,,0,1,False,A newly elected pope can technically choose any name he wishes. What name were you hoping for?,/r/AskReddit/comments/1ki36is/a_newly_elected_pope_can_technically_choose_any/
ChardonnayCentral,mre09q6,... or Bob Pope?,1,36971,,1ki36is,AskReddit,2025-05-09T08:46:18,1746780378.0,0,,0,1,True,A newly elected pope can technically choose any name he wishes. What name were you hoping for?,/r/AskReddit/comments/1ki36is/a_newly_elected_pope_can_technically_choose_any/
CaptainMacObvious,mre08xg,I dare the next pope to pick Biggus Dickus II.,1,36956,,1ki36is,AskReddit,2025-05-09T08:46:03,1746780363.0,0,,0,1,False,A newly elected pope can technically choose any name he wishes. What name were you hoping for?,/r/AskReddit/comments/1ki36is/a_newly_elected_pope_can_technically_choose_any/
ChardonnayCentral,mre06hv,His given name is Robert. What's wrong with Pope Bob?,1,36913,,1ki36is,AskReddit,2025-05-09T08:45:20,1746780320.0,0,,0,1,False,A newly elected pope can technically choose any name he wishes. What name were you hoping for?,/r/AskReddit/comments/1ki36is/a_newly_elected_pope_can_technically_choose_any/
chopthedinosaurdad,mre0514,Popey Mc Pope Face,1,36887,,1ki36is,AskReddit,2025-05-09T08:44:54,1746780294.0,0,,0,1,True,A newly elected pope can technically choose any name he wishes. What name were you hoping for?,/r/AskReddit/comments/1ki36is/a_newly_elected_pope_can_technically_choose_any/
Tattycakes,mre037h,Fucking cackling here,1,36855,,1ki36is,AskReddit,2025-05-09T08:44:22,1746780262.0,0,,0,1,False,A newly elected pope can technically choose any name he wishes. What name were you hoping for?,/r/AskReddit/comments/1ki36is/a_newly_elected_pope_can_technically_choose_any/
Yella_Chicken,mre01i7,Why in my head did I rap that in the voice of Eminem?,1,36825,,1ki36is,AskReddit,2025-05-09T08:43:52,1746780232.0,0,,0,1,False,A newly elected pope can technically choose any name he wishes. What name were you hoping for?,/r/AskReddit/comments/1ki36is/a_newly_elected_pope_can_technically_choose_any/
thr33_six_n1n3,mrdzzxm,Pope Dope,1,36796,,1ki36is,AskReddit,2025-05-09T08:43:23,1746780203.0,0,,0,1,True,A newly elected pope can technically choose any name he wishes. What name were you hoping for?,/r/AskReddit/comments/1ki36is/a_newly_elected_pope_can_technically_choose_any/
Uv_ImMoriarty,mrdzwr7,Pope Tart,1,36737,,1ki36is,AskReddit,2025-05-09T08:42:24,1746780144.0,0,,0,1,True,A newly elected pope can technically choose any name he wishes. What name were you hoping for?,/r/AskReddit/comments/1ki36is/a_newly_elected_pope_can_technically_choose_any/
battery19791,mrdzwox,Pope Malone?,1,36736,,1ki36is,AskReddit,2025-05-09T08:42:23,1746780143.0,0,,0,1,True,A newly elected pope can technically choose any name he wishes. What name were you hoping for?,/r/AskReddit/comments/1ki36is/a_newly_elected_pope_can_technically_choose_any/
StrictViolation,mrdzvl7,Stinky pile of 💩 poo,1,36715,,1ki36is,AskReddit,2025-05-09T08:42:02,1746780122.0,0,,0,1,False,A newly elected pope can technically choose any name he wishes. What name were you hoping for?,/r/AskReddit/comments/1ki36is/a_newly_elected_pope_can_technically_choose_any/
Tattycakes,mrdzv7y,"I didn’t, help!",1,36708,,1ki36is,AskReddit,2025-05-09T08:41:55,1746780115.0,0,,0,1,True,A newly elected pope can technically choose any name he wishes. What name were you hoping for?,/r/AskReddit/comments/1ki36is/a_newly_elected_pope_can_technically_choose_any/
7_11_Nation_Army,mrdzufr,Elmo,1,36694,,1ki36is,AskReddit,2025-05-09T08:41:41,1746780101.0,0,,0,1,True,A newly elected pope can technically choose any name he wishes. What name were you hoping for?,/r/AskReddit/comments/1ki36is/a_newly_elected_pope_can_technically_choose_any/
GIMME_DA_ALIEN,mrdzs9r,"Any Looney Tunes character. Bugs, Porky, Daffy, Yosemite Sam, Tweety, Wile E., Elmer Fudd, Foghorn Leghorn",1,36656,,1ki36is,AskReddit,2025-05-09T08:41:03,1746780063.0,0,,0,1,False,A newly elected pope can technically choose any name he wishes. What name were you hoping for?,/r/AskReddit/comments/1ki36is/a_newly_elected_pope_can_technically_choose_any/
Ghost9f,mrdzq2q,Damien.,1,36615,,1ki36is,AskReddit,2025-05-09T08:40:22,1746780022.0,0,,0,1,True,A newly elected pope can technically choose any name he wishes. What name were you hoping for?,/r/AskReddit/comments/1ki36is/a_newly_elected_pope_can_technically_choose_any/
beagle182,mrdznl1,Pope deez nuts,1,36570,,1ki36is,AskReddit,2025-05-09T08:39:37,1746779977.0,0,,0,1,True,A newly elected pope can technically choose any name he wishes. What name were you hoping for?,/r/AskReddit/comments/1ki36is/a_newly_elected_pope_can_technically_choose_any/
Doboy94,mrdzn8v,Popity scoop,1,36564,,1ki36is,AskReddit,2025-05-09T08:39:31,1746779971.0,0,,0,1,True,A newly elected pope can technically choose any name he wishes. What name were you hoping for?,/r/AskReddit/comments/1ki36is/a_newly_elected_pope_can_technically_choose_any/
battery19791,mrdzn86,Pope Judas.,1,36564,,1ki36is,AskReddit,2025-05-09T08:39:31,1746779971.0,0,,0,1,True,A newly elected pope can technically choose any name he wishes. What name were you hoping for?,/r/AskReddit/comments/1ki36is/a_newly_elected_pope_can_technically_choose_any/
omegafatality,mrdzmwj,Pope John Wick I. world peace through fear and immaculate vibes.,1,36558,,1ki36is,AskReddit,2025-05-09T08:39:25,1746779965.0,0,,0,1,False,A newly elected pope can technically choose any name he wishes. What name were you hoping for?,/r/AskReddit/comments/1ki36is/a_newly_elected_pope_can_technically_choose_any/
GloomyUmpire2146,mrdzmci,Bob,1,36548,,1ki36is,AskReddit,2025-05-09T08:39:15,1746779955.0,0,,0,1,True,A newly elected pope can technically choose any name he wishes. What name were you hoping for?,/r/AskReddit/comments/1ki36is/a_newly_elected_pope_can_technically_choose_any/
_catv1105_,mrdzjh8,Popey McPopeface,1,36496,,1ki36is,AskReddit,2025-05-09T08:38:23,1746779903.0,0,,0,1,True,A newly elected pope can technically choose any name he wishes. What name were you hoping for?,/r/AskReddit/comments/1ki36is/a_newly_elected_pope_can_technically_choose_any/
general-waster,mrdzjbi,Popey McPopeface,1,36493,,1ki36is,AskReddit,2025-05-09T08:38:20,1746779900.0,0,,0,1,True,A newly elected pope can technically choose any name he wishes. What name were you hoping for?,/r/AskReddit/comments/1ki36is/a_newly_elected_pope_can_technically_choose_any/
Necrokeeper,mrdzi6j,Pope Donald I,1,36473,,1ki36is,AskReddit,2025-05-09T08:38:00,1746779880.0,0,,0,1,True,A newly elected pope can technically choose any name he wishes. What name were you hoping for?,/r/AskReddit/comments/1ki36is/a_newly_elected_pope_can_technically_choose_any/
battery19791,mrdzhsk,Judas I.,1,36466,,1ki36is,AskReddit,2025-05-09T08:37:53,1746779873.0,0,,0,1,True,A newly elected pope can technically choose any name he wishes. What name were you hoping for?,/r/AskReddit/comments/1ki36is/a_newly_elected_pope_can_technically_choose_any/
Dapper_Special_8587,mrdzfw3,Roger Hotdog All American Stuntman Eagle ExxonMobil XVI,1,36432,,1ki36is,AskReddit,2025-05-09T08:37:19,1746779839.0,0,,0,1,False,A newly elected pope can technically choose any name he wishes. What name were you hoping for?,/r/AskReddit/comments/1ki36is/a_newly_elected_pope_can_technically_choose_any/
danibuyy,mrdzebg,Buddy Pope,1,36404,,1ki36is,AskReddit,2025-05-09T08:36:51,1746779811.0,0,,0,1,True,A newly elected pope can technically choose any name he wishes. What name were you hoping for?,/r/AskReddit/comments/1ki36is/a_newly_elected_pope_can_technically_choose_any/
PvtBaldrick,mrdzdu1,"Pope Clean I

(Foundation Sci-fi in joke)",1,36395,,1ki36is,AskReddit,2025-05-09T08:36:42,1746779802.0,0,,0,1,False,A newly elected pope can technically choose any name he wishes. What name were you hoping for?,/r/AskReddit/comments/1ki36is/a_newly_elected_pope_can_technically_choose_any/
Lady_Irish,mrdz7ib,You beat me by literally one minute lol,1,36278,,1ki36is,AskReddit,2025-05-09T08:34:45,1746779685.0,0,,0,1,False,A newly elected pope can technically choose any name he wishes. What name were you hoping for?,/r/AskReddit/comments/1ki36is/a_newly_elected_pope_can_technically_choose_any/
CastleofWamdue,mrdz766,"So what you're saying is Popes have dead names? 

Isn't Florida banning the use of preferred names?",1,36272,,1ki36is,AskReddit,2025-05-09T08:34:39,1746779679.0,0,,0,1,False,A newly elected pope can technically choose any name he wishes. What name were you hoping for?,/r/AskReddit/comments/1ki36is/a_newly_elected_pope_can_technically_choose_any/
Lady_Irish,mrdz4up,Pope Dope,1,36230,,1ki36is,AskReddit,2025-05-09T08:33:57,1746779637.0,0,,0,1,True,A newly elected pope can technically choose any name he wishes. What name were you hoping for?,/r/AskReddit/comments/1ki36is/a_newly_elected_pope_can_technically_choose_any/
craigus17,mrdz3r3,Peter is actually the only name that the pope can’t choose,1,36209,,1ki36is,AskReddit,2025-05-09T08:33:36,1746779616.0,0,,0,1,False,A newly elected pope can technically choose any name he wishes. What name were you hoping for?,/r/AskReddit/comments/1ki36is/a_newly_elected_pope_can_technically_choose_any/
No_Promotion_65,mrdz3kc,Big dave,1,36206,,1ki36is,AskReddit,2025-05-09T08:33:33,1746779613.0,0,,0,1,True,A newly elected pope can technically choose any name he wishes. What name were you hoping for?,/r/AskReddit/comments/1ki36is/a_newly_elected_pope_can_technically_choose_any/
MythicSuns,mrdz2zz,Popey McPopeface,1,36196,,1ki36is,AskReddit,2025-05-09T08:33:23,1746779603.0,0,,0,1,True,A newly elected pope can technically choose any name he wishes. What name were you hoping for?,/r/AskReddit/comments/1ki36is/a_newly_elected_pope_can_technically_choose_any/
argonauts5565,mrdz2d1,Pope Corn,1,36184,,1ki36is,AskReddit,2025-05-09T08:33:11,1746779591.0,0,,0,1,True,A newly elected pope can technically choose any name he wishes. What name were you hoping for?,/r/AskReddit/comments/1ki36is/a_newly_elected_pope_can_technically_choose_any/
Nearby_Cauliflowers,mrdz1u0,Pope Sheev Palpatine,1,36174,,1ki36is,AskReddit,2025-05-09T08:33:01,1746779581.0,0,,0,1,False,A newly elected pope can technically choose any name he wishes. What name were you hoping for?,/r/AskReddit/comments/1ki36is/a_newly_elected_pope_can_technically_choose_any/
skywolfpaladin,mrdz18j,Sheeve?,1,36164,,1ki36is,AskReddit,2025-05-09T08:32:51,1746779571.0,0,,0,1,True,A newly elected pope can technically choose any name he wishes. What name were you hoping for?,/r/AskReddit/comments/1ki36is/a_newly_elected_pope_can_technically_choose_any/
rexmottram,mrdz14d,Pope Bopaloo - bop - awop -bamboo !🕺,1,36161,,1ki36is,AskReddit,2025-05-09T08:32:48,1746779568.0,0,,0,1,False,A newly elected pope can technically choose any name he wishes. What name were you hoping for?,/r/AskReddit/comments/1ki36is/a_newly_elected_pope_can_technically_choose_any/
suitcasek8,mrdyxwv,Boaty McBoatface,1,36104,,1ki36is,AskReddit,2025-05-09T08:31:51,1746779511.0,0,,0,1,True,A newly elected pope can technically choose any name he wishes. What name were you hoping for?,/r/AskReddit/comments/1ki36is/a_newly_elected_pope_can_technically_choose_any/
PabloThePabo,mrdyx7o,I like the name Leo because that’s the same name as my cat,1,36093,,1ki36is,AskReddit,2025-05-09T08:31:40,1746779500.0,0,,0,1,False,A newly elected pope can technically choose any name he wishes. What name were you hoping for?,/r/AskReddit/comments/1ki36is/a_newly_elected_pope_can_technically_choose_any/
beat0n_,mrdyx8h,Petelgeuse Romanée-Conti,1,36093,,1ki36is,AskReddit,2025-05-09T08:31:40,1746779500.0,0,,0,1,False,A newly elected pope can technically choose any name he wishes. What name were you hoping for?,/r/AskReddit/comments/1ki36is/a_newly_elected_pope_can_technically_choose_any/
furlongxfortnight,mrdyx1m,Makes sure the hours are well kept.,1,36089,,1ki36is,AskReddit,2025-05-09T08:31:36,1746779496.0,0,,0,1,False,A newly elected pope can technically choose any name he wishes. What name were you hoping for?,/r/AskReddit/comments/1ki36is/a_newly_elected_pope_can_technically_choose_any/
0zi1,mrdywo1,Pope Epop,1,36083,,1ki36is,AskReddit,2025-05-09T08:31:30,1746779490.0,0,,0,1,True,A newly elected pope can technically choose any name he wishes. What name were you hoping for?,/r/AskReddit/comments/1ki36is/a_newly_elected_pope_can_technically_choose_any/
TheGryphonRaven,mrdyvtm,Pope Dope,1,36067,,1ki36is,AskReddit,2025-05-09T08:31:14,1746779474.0,0,,0,1,True,A newly elected pope can technically choose any name he wishes. What name were you hoping for?,/r/AskReddit/comments/1ki36is/a_newly_elected_pope_can_technically_choose_any/
Longjumping_Tap_5705,mrdyvoj,Pope Apple Pizza?,1,36065,,1ki36is,AskReddit,2025-05-09T08:31:12,1746779472.0,0,,0,1,True,A newly elected pope can technically choose any name he wishes. What name were you hoping for?,/r/AskReddit/comments/1ki36is/a_newly_elected_pope_can_technically_choose_any/
Odd_Inside9379,mrdyvlw,Popey mcpopeface,1,36063,,1ki36is,AskReddit,2025-05-09T08:31:10,1746779470.0,0,,0,1,True,A newly elected pope can technically choose any name he wishes. What name were you hoping for?,/r/AskReddit/comments/1ki36is/a_newly_elected_pope_can_technically_choose_any/
Big-Razzmatazz2473,mrdyv45,Since he’s from Chicago… CM Pope,1,36054,,1ki36is,AskReddit,2025-05-09T08:31:01,1746779461.0,0,,0,1,False,A newly elected pope can technically choose any name he wishes. What name were you hoping for?,/r/AskReddit/comments/1ki36is/a_newly_elected_pope_can_technically_choose_any/
IvanDimitriov,mrdyue0,Ted. Pope Ted I would have been rad,1,36041,,1ki36is,AskReddit,2025-05-09T08:30:48,1746779448.0,0,,0,1,False,A newly elected pope can technically choose any name he wishes. What name were you hoping for?,/r/AskReddit/comments/1ki36is/a_newly_elected_pope_can_technically_choose_any/
allycat440,mrdyu7t,"Pope Benedict Cumberblessed. because if we’re gonna mix holiness with drama, let’s go full theater.",1,36038,,1ki36is,AskReddit,2025-05-09T08:30:45,1746779445.0,0,,0,1,False,A newly elected pope can technically choose any name he wishes. What name were you hoping for?,/r/AskReddit/comments/1ki36is/a_newly_elected_pope_can_technically_choose_any/
NeuHundred,mrdytk1,"Huh.  Is that an alpha and omega thing? St Peter starts it, Pope Peter ends it?",1,36026,,1ki36is,AskReddit,2025-05-09T08:30:33,1746779433.0,0,,0,1,False,A newly elected pope can technically choose any name he wishes. What name were you hoping for?,/r/AskReddit/comments/1ki36is/a_newly_elected_pope_can_technically_choose_any/
nineteennhard,mrdysbs,Pope Gort,1,36004,,1ki36is,AskReddit,2025-05-09T08:30:11,1746779411.0,0,,0,1,True,A newly elected pope can technically choose any name he wishes. What name were you hoping for?,/r/AskReddit/comments/1ki36is/a_newly_elected_pope_can_technically_choose_any/
No-one_here_cares,mrdyrms,Pope Pedo Files,1,35991,,1ki36is,AskReddit,2025-05-09T08:29:58,1746779398.0,0,,0,1,True,A newly elected pope can technically choose any name he wishes. What name were you hoping for?,/r/AskReddit/comments/1ki36is/a_newly_elected_pope_can_technically_choose_any/
Ambitious-Pirate-505,mrdyowe,Star Lord,1,35943,,1ki36is,AskReddit,2025-05-09T08:29:10,1746779350.0,0,,0,1,True,A newly elected pope can technically choose any name he wishes. What name were you hoping for?,/r/AskReddit/comments/1ki36is/a_newly_elected_pope_can_technically_choose_any/
Los5Muertes,mrdyin8,"Patine.

The pope Patine.",1,35829,,1ki36is,AskReddit,2025-05-09T08:27:16,1746779236.0,0,,0,1,False,A newly elected pope can technically choose any name he wishes. What name were you hoping for?,/r/AskReddit/comments/1ki36is/a_newly_elected_pope_can_technically_choose_any/
nailedtooth,mrdyhwa,"Pope

Pope, Pope",1,35816,,1ki36is,AskReddit,2025-05-09T08:27:03,1746779223.0,0,,0,1,True,A newly elected pope can technically choose any name he wishes. What name were you hoping for?,/r/AskReddit/comments/1ki36is/a_newly_elected_pope_can_technically_choose_any/
upior47,mrdyham,Pope Bob,1,35805,,1ki36is,AskReddit,2025-05-09T08:26:52,1746779212.0,0,,0,1,True,A newly elected pope can technically choose any name he wishes. What name were you hoping for?,/r/AskReddit/comments/1ki36is/a_newly_elected_pope_can_technically_choose_any/
Toonough,mrdygad,Super Popetendo,1,35786,,1ki36is,AskReddit,2025-05-09T08:26:33,1746779193.0,0,,0,1,True,A newly elected pope can technically choose any name he wishes. What name were you hoping for?,/r/AskReddit/comments/1ki36is/a_newly_elected_pope_can_technically_choose_any/
UseACoasterJeez,mrdyg3m,Pope Pogrom. Might as well be straight up about it.,1,35783,,1ki36is,AskReddit,2025-05-09T08:26:30,1746779190.0,0,,0,1,False,A newly elected pope can technically choose any name he wishes. What name were you hoping for?,/r/AskReddit/comments/1ki36is/a_newly_elected_pope_can_technically_choose_any/
leannmanderson,mrdyetm,"Same. 

I think if Tagle had been elected, this is the route he would have taken.",1,35760,,1ki36is,AskReddit,2025-05-09T08:26:07,1746779167.0,0,,0,1,False,A newly elected pope can technically choose any name he wishes. What name were you hoping for?,/r/AskReddit/comments/1ki36is/a_newly_elected_pope_can_technically_choose_any/
Broccoli--Enthusiast,mrdydiw,Palpatine,1,35736,,1ki36is,AskReddit,2025-05-09T08:25:43,1746779143.0,0,,0,1,True,A newly elected pope can technically choose any name he wishes. What name were you hoping for?,/r/AskReddit/comments/1ki36is/a_newly_elected_pope_can_technically_choose_any/
ScienceNmagic,mrdyd5e,Popey McPope face,1,35730,,1ki36is,AskReddit,2025-05-09T08:25:37,1746779137.0,0,,0,1,True,A newly elected pope can technically choose any name he wishes. What name were you hoping for?,/r/AskReddit/comments/1ki36is/a_newly_elected_pope_can_technically_choose_any/
Lord_lucifer0708,mrdybxu,CM POPE,1,35709,,1ki36is,AskReddit,2025-05-09T08:25:16,1746779116.0,0,,0,1,True,A newly elected pope can technically choose any name he wishes. What name were you hoping for?,/r/AskReddit/comments/1ki36is/a_newly_elected_pope_can_technically_choose_any/
Inventiveunicorn,mrdybax,Trump the 1st,1,35698,,1ki36is,AskReddit,2025-05-09T08:25:05,1746779105.0,0,,0,1,True,A newly elected pope can technically choose any name he wishes. What name were you hoping for?,/r/AskReddit/comments/1ki36is/a_newly_elected_pope_can_technically_choose_any/
leannmanderson,mrdyayy,"Yes. 

It didn't start out that way, but then a guy named Mercurius got elected, and everyone agreed it was a *bad idea* to have someone named for a pagan deity running the Christian church. He became John II. This was in the 6th century. 

Before that, the only Papal name change had been St. Peter, who had been born Simon and had his name changed by Jesus to Peter. ""Amen, I say to you, you are Peter, and on this rock I shall build my church."" Peter, of course, means rock. 

After John II, only 3 more changed their names before the mid-10th century. That would be Johns III, IV, and V. 

After that, every Pope chose a new name. Until the 20th century, it was tradition to take the name of the Pope who had elevated you to Cardinal. Hence so many Johns and Leos and such. 

It was only in the mid-20th century that Popes began choosing names that reflected their priorities and vision in leading the Church. 

Hence why I was really hoping for a Francis II. I think we would have gotten that if Tagle had been elected.",1,35692,,1ki36is,AskReddit,2025-05-09T08:24:59,1746779099.0,0,,0,1,False,A newly elected pope can technically choose any name he wishes. What name were you hoping for?,/r/AskReddit/comments/1ki36is/a_newly_elected_pope_can_technically_choose_any/
GrnXanth,mrdy9wp,Popey McPopeface,1,35672,,1ki36is,AskReddit,2025-05-09T08:24:39,1746779079.0,0,,0,1,True,A newly elected pope can technically choose any name he wishes. What name were you hoping for?,/r/AskReddit/comments/1ki36is/a_newly_elected_pope_can_technically_choose_any/
Cascade5150,mrdy80k,Pope Bob!,1,35638,,1ki36is,AskReddit,2025-05-09T08:24:05,1746779045.0,0,,0,1,True,A newly elected pope can technically choose any name he wishes. What name were you hoping for?,/r/AskReddit/comments/1ki36is/a_newly_elected_pope_can_technically_choose_any/
furlongxfortnight,mrdy7jz,He's still young though. He might have a chance next time.,1,35630,,1ki36is,AskReddit,2025-05-09T08:23:57,1746779037.0,0,,0,1,False,A newly elected pope can technically choose any name he wishes. What name were you hoping for?,/r/AskReddit/comments/1ki36is/a_newly_elected_pope_can_technically_choose_any/
Unable_Panda1984,mrdy6tl,Joe,1,35617,,1ki36is,AskReddit,2025-05-09T08:23:44,1746779024.0,0,,0,1,True,A newly elected pope can technically choose any name he wishes. What name were you hoping for?,/r/AskReddit/comments/1ki36is/a_newly_elected_pope_can_technically_choose_any/
NeighborhoodLeft2699,mrdy37w,No Ringos?,1,35552,,1ki36is,AskReddit,2025-05-09T08:22:39,1746778959.0,0,,0,1,True,A newly elected pope can technically choose any name he wishes. What name were you hoping for?,/r/AskReddit/comments/1ki36is/a_newly_elected_pope_can_technically_choose_any/
CONMANHOC5,mrdy2io,Do it!,1,35539,,1ki36is,AskReddit,2025-05-09T08:22:26,1746778946.0,0,,0,1,True,A newly elected pope can technically choose any name he wishes. What name were you hoping for?,/r/AskReddit/comments/1ki36is/a_newly_elected_pope_can_technically_choose_any/
mon_key_house,mrdy2g6,"Pope patrol
Sorry, I’ll find my way out.",1,35538,,1ki36is,AskReddit,2025-05-09T08:22:25,1746778945.0,0,,0,1,False,A newly elected pope can technically choose any name he wishes. What name were you hoping for?,/r/AskReddit/comments/1ki36is/a_newly_elected_pope_can_technically_choose_any/
unique_username_72,mrdxyoo,Pope Camacho Mountaindew,1,35470,,1ki36is,AskReddit,2025-05-09T08:21:17,1746778877.0,0,,0,1,False,A newly elected pope can technically choose any name he wishes. What name were you hoping for?,/r/AskReddit/comments/1ki36is/a_newly_elected_pope_can_technically_choose_any/
Crimsyndevil,mrdxxpx,"Pope Barkus the Blessed. patron saint of snacks, naps, and dramatic entrances.",1,35453,,1ki36is,AskReddit,2025-05-09T08:21:00,1746778860.0,0,,0,1,False,A newly elected pope can technically choose any name he wishes. What name were you hoping for?,/r/AskReddit/comments/1ki36is/a_newly_elected_pope_can_technically_choose_any/
Hawk_1987,mrdxv4c,"I think any pope would have chosen Leo. We are very close to WWIII, so the next pope has the mission to stop it.",1,35409,,1ki36is,AskReddit,2025-05-09T08:20:16,1746778816.0,0,,0,1,False,A newly elected pope can technically choose any name he wishes. What name were you hoping for?,/r/AskReddit/comments/1ki36is/a_newly_elected_pope_can_technically_choose_any/
mschanandlerbong81,mrdxt72,Popey McPopeface,1,35375,,1ki36is,AskReddit,2025-05-09T08:19:42,1746778782.0,0,,0,1,True,A newly elected pope can technically choose any name he wishes. What name were you hoping for?,/r/AskReddit/comments/1ki36is/a_newly_elected_pope_can_technically_choose_any/
esturbio,mrdxswy,Except Peter,1,35370,,1ki36is,AskReddit,2025-05-09T08:19:37,1746778777.0,0,,0,1,True,A newly elected pope can technically choose any name he wishes. What name were you hoping for?,/r/AskReddit/comments/1ki36is/a_newly_elected_pope_can_technically_choose_any/
MilkieWaye,mrdxjus,Pope John Popeman,1,35209,,1ki36is,AskReddit,2025-05-09T08:16:56,1746778616.0,0,,0,1,True,A newly elected pope can technically choose any name he wishes. What name were you hoping for?,/r/AskReddit/comments/1ki36is/a_newly_elected_pope_can_technically_choose_any/
NeighborhoodLeft2699,mrdxjd1,Fatima would have been pleasing.,1,35201,,1ki36is,AskReddit,2025-05-09T08:16:48,1746778608.0,0,,0,1,False,A newly elected pope can technically choose any name he wishes. What name were you hoping for?,/r/AskReddit/comments/1ki36is/a_newly_elected_pope_can_technically_choose_any/
w1ldSeraph,mrdxhsn,Judas,1,35172,,1ki36is,AskReddit,2025-05-09T08:16:19,1746778579.0,0,,0,1,True,A newly elected pope can technically choose any name he wishes. What name were you hoping for?,/r/AskReddit/comments/1ki36is/a_newly_elected_pope_can_technically_choose_any/
putragease,mrdxgmf,Pope Satanslayer Deathmetal IV,1,35151,,1ki36is,AskReddit,2025-05-09T08:15:58,1746778558.0,0,,0,1,False,A newly elected pope can technically choose any name he wishes. What name were you hoping for?,/r/AskReddit/comments/1ki36is/a_newly_elected_pope_can_technically_choose_any/
IWasBannedYesterday,mrdxfnp,Pope Dingletink the first.,1,35134,,1ki36is,AskReddit,2025-05-09T08:15:41,1746778541.0,0,,0,1,False,A newly elected pope can technically choose any name he wishes. What name were you hoping for?,/r/AskReddit/comments/1ki36is/a_newly_elected_pope_can_technically_choose_any/
brokenlandmine,mrdxffe,Pope Megatron McPopeface,1,35129,,1ki36is,AskReddit,2025-05-09T08:15:36,1746778536.0,0,,0,1,False,A newly elected pope can technically choose any name he wishes. What name were you hoping for?,/r/AskReddit/comments/1ki36is/a_newly_elected_pope_can_technically_choose_any/
CaledonianWarrior,mrdxf89,Popey McPopeface,1,35125,,1ki36is,AskReddit,2025-05-09T08:15:32,1746778532.0,0,,0,1,True,A newly elected pope can technically choose any name he wishes. What name were you hoping for?,/r/AskReddit/comments/1ki36is/a_newly_elected_pope_can_technically_choose_any/
Sky_1502,mrdxf4x,Pope Hope,1,35123,,1ki36is,AskReddit,2025-05-09T08:15:30,1746778530.0,0,,0,1,True,A newly elected pope can technically choose any name he wishes. What name were you hoping for?,/r/AskReddit/comments/1ki36is/a_newly_elected_pope_can_technically_choose_any/
callisstaa,mrdxdri,Pope Jaiyden,1,35099,,1ki36is,AskReddit,2025-05-09T08:15:06,1746778506.0,0,,0,1,True,A newly elected pope can technically choose any name he wishes. What name were you hoping for?,/r/AskReddit/comments/1ki36is/a_newly_elected_pope_can_technically_choose_any/
Fuhgaws,mrdx62b,Jesus I,1,34961,,1ki36is,AskReddit,2025-05-09T08:12:48,1746778368.0,0,,0,1,True,A newly elected pope can technically choose any name he wishes. What name were you hoping for?,/r/AskReddit/comments/1ki36is/a_newly_elected_pope_can_technically_choose_any/
TaxOk3585,mrdx5ze,Slagathor,1,34960,,1ki36is,AskReddit,2025-05-09T08:12:47,1746778367.0,0,,0,1,True,A newly elected pope can technically choose any name he wishes. What name were you hoping for?,/r/AskReddit/comments/1ki36is/a_newly_elected_pope_can_technically_choose_any/
HugePatFenis,mrdx5bz,"Keith, Lionel, Barry. Something along those lines.",1,34948,,1ki36is,AskReddit,2025-05-09T08:12:35,1746778355.0,0,,0,1,False,A newly elected pope can technically choose any name he wishes. What name were you hoping for?,/r/AskReddit/comments/1ki36is/a_newly_elected_pope_can_technically_choose_any/
Int_Minus_Three,mrdx45a,Pope Ye,1,34926,,1ki36is,AskReddit,2025-05-09T08:12:13,1746778333.0,0,,0,1,True,A newly elected pope can technically choose any name he wishes. What name were you hoping for?,/r/AskReddit/comments/1ki36is/a_newly_elected_pope_can_technically_choose_any/
Delhi_3864,mrdx3wx,Pope Alexander,1,34922,,1ki36is,AskReddit,2025-05-09T08:12:09,1746778329.0,0,,0,1,True,A newly elected pope can technically choose any name he wishes. What name were you hoping for?,/r/AskReddit/comments/1ki36is/a_newly_elected_pope_can_technically_choose_any/
Nemetoss,mrdx2wu,Luigi,1,34904,,1ki36is,AskReddit,2025-05-09T08:11:51,1746778311.0,0,,0,1,True,A newly elected pope can technically choose any name he wishes. What name were you hoping for?,/r/AskReddit/comments/1ki36is/a_newly_elected_pope_can_technically_choose_any/
leannmanderson,mrdx2ff,"Except Catholics don't believe in the rapture. 

It's a 19th century Protestant invention.",1,34895,,1ki36is,AskReddit,2025-05-09T08:11:42,1746778302.0,0,,0,1,False,A newly elected pope can technically choose any name he wishes. What name were you hoping for?,/r/AskReddit/comments/1ki36is/a_newly_elected_pope_can_technically_choose_any/
TaxOk3585,mrdx0tj,"Smokey, breezy, beautiful

*Cover Pope*",1,34866,,1ki36is,AskReddit,2025-05-09T08:11:13,1746778273.0,0,,0,1,False,A newly elected pope can technically choose any name he wishes. What name were you hoping for?,/r/AskReddit/comments/1ki36is/a_newly_elected_pope_can_technically_choose_any/
Sam-I-Am56,mrdx0gj,Francis II,1,34859,,1ki36is,AskReddit,2025-05-09T08:11:06,1746778266.0,0,,0,1,True,A newly elected pope can technically choose any name he wishes. What name were you hoping for?,/r/AskReddit/comments/1ki36is/a_newly_elected_pope_can_technically_choose_any/
-just-a-bit-outside-,mrdx0c6,In Italian the pope is called Papa so pope roach would do the job.,1,34857,,1ki36is,AskReddit,2025-05-09T08:11:04,1746778264.0,0,,0,1,False,A newly elected pope can technically choose any name he wishes. What name were you hoping for?,/r/AskReddit/comments/1ki36is/a_newly_elected_pope_can_technically_choose_any/
IntangibleMatter,mrdwzav,"I think it’s clearly JS. No other language that u know of has “function” as the function identifier in combination with the curly brace syntax. 

Which explains a lot about why things are so fucked up honestly. 

Even more so due to the fact that I’m pretty sure JS doesn’t have GOTO statements. 

Of course, the gods actually made [the universe in Perl](http://xkcd.com/224)",1,34838,,1ki36is,AskReddit,2025-05-09T08:10:45,1746778245.0,0,,0,1,False,A newly elected pope can technically choose any name he wishes. What name were you hoping for?,/r/AskReddit/comments/1ki36is/a_newly_elected_pope_can_technically_choose_any/
bm_preston,mrdwyl6,"I would’ve trolled. 

Pope Trump

Actually. 

Pope Drumpf",1,34825,,1ki36is,AskReddit,2025-05-09T08:10:32,1746778232.0,0,,0,1,False,A newly elected pope can technically choose any name he wishes. What name were you hoping for?,/r/AskReddit/comments/1ki36is/a_newly_elected_pope_can_technically_choose_any/
Accomplished-Ad8458,mrdwxzr,Pope Crimson Fuckr,1,34815,,1ki36is,AskReddit,2025-05-09T08:10:22,1746778222.0,0,,0,1,True,A newly elected pope can technically choose any name he wishes. What name were you hoping for?,/r/AskReddit/comments/1ki36is/a_newly_elected_pope_can_technically_choose_any/
TheRealtcSpears,mrdwwk8,I need scripture for my butthole,1,34789,,1ki36is,AskReddit,2025-05-09T08:09:56,1746778196.0,0,,0,1,False,A newly elected pope can technically choose any name he wishes. What name were you hoping for?,/r/AskReddit/comments/1ki36is/a_newly_elected_pope_can_technically_choose_any/
CharacterComposer952,mrdwtpm,Mike Truk,1,34737,,1ki36is,AskReddit,2025-05-09T08:09:04,1746778144.0,0,,0,1,True,A newly elected pope can technically choose any name he wishes. What name were you hoping for?,/r/AskReddit/comments/1ki36is/a_newly_elected_pope_can_technically_choose_any/
hlebicite,mrdwtfz,Gatorade,1,34733,,1ki36is,AskReddit,2025-05-09T08:09:00,1746778140.0,0,,0,1,True,A newly elected pope can technically choose any name he wishes. What name were you hoping for?,/r/AskReddit/comments/1ki36is/a_newly_elected_pope_can_technically_choose_any/
Shoddy-Beginning810,mrdwswx,Pope mcpopeface,1,34724,,1ki36is,AskReddit,2025-05-09T08:08:51,1746778131.0,0,,0,1,True,A newly elected pope can technically choose any name he wishes. What name were you hoping for?,/r/AskReddit/comments/1ki36is/a_newly_elected_pope_can_technically_choose_any/
Planetrain059,mrdwqc1,Pope Donald Trump,1,34676,,1ki36is,AskReddit,2025-05-09T08:08:03,1746778083.0,0,,0,1,True,A newly elected pope can technically choose any name he wishes. What name were you hoping for?,/r/AskReddit/comments/1ki36is/a_newly_elected_pope_can_technically_choose_any/
Potw0rek,mrdwfux,Bad Motherfucker the first,1,34488,,1ki36is,AskReddit,2025-05-09T08:04:55,1746777895.0,0,,0,1,False,A newly elected pope can technically choose any name he wishes. What name were you hoping for?,/r/AskReddit/comments/1ki36is/a_newly_elected_pope_can_technically_choose_any/
Backstreetgirl37,mrdwdld,Pope E. McPopeface?,1,34448,,1ki36is,AskReddit,2025-05-09T08:04:15,1746777855.0,0,,0,1,True,A newly elected pope can technically choose any name he wishes. What name were you hoping for?,/r/AskReddit/comments/1ki36is/a_newly_elected_pope_can_technically_choose_any/
Demigans,mrdw6ou,A classic? Popy mcpopeface,1,34326,,1ki36is,AskReddit,2025-05-09T08:02:13,1746777733.0,0,,0,1,False,A newly elected pope can technically choose any name he wishes. What name were you hoping for?,/r/AskReddit/comments/1ki36is/a_newly_elected_pope_can_technically_choose_any/
Filth_01,mrdw58d,Popey Mc Popeface,1,34301,,1ki36is,AskReddit,2025-05-09T08:01:48,1746777708.0,0,,0,1,True,A newly elected pope can technically choose any name he wishes. What name were you hoping for?,/r/AskReddit/comments/1ki36is/a_newly_elected_pope_can_technically_choose_any/
Lanky_Ask2502,mrdw4uh,"Something like Pope Benedictus Pacis (""Blessed of Peace"") would've been powerful—especially in today’s global climate. Names can carry such deep symbolism",1,34294,,1ki36is,AskReddit,2025-05-09T08:01:41,1746777701.0,0,,0,1,False,A newly elected pope can technically choose any name he wishes. What name were you hoping for?,/r/AskReddit/comments/1ki36is/a_newly_elected_pope_can_technically_choose_any/
Aristotallost,mrdw33l,Pope McPopeface,1,34262,,1ki36is,AskReddit,2025-05-09T08:01:09,1746777669.0,0,,0,1,True,A newly elected pope can technically choose any name he wishes. What name were you hoping for?,/r/AskReddit/comments/1ki36is/a_newly_elected_pope_can_technically_choose_any/
antoncrowley666,mrdw1kx,Pope Wehadababyitsaboy,1,34236,,1ki36is,AskReddit,2025-05-09T08:00:43,1746777643.0,0,,0,1,False,A newly elected pope can technically choose any name he wishes. What name were you hoping for?,/r/AskReddit/comments/1ki36is/a_newly_elected_pope_can_technically_choose_any/
Juusho_Rokuniku,mrdw1bl,Pope Fettuccine I,1,34232,,1ki36is,AskReddit,2025-05-09T08:00:39,1746777639.0,0,,0,1,True,A newly elected pope can technically choose any name he wishes. What name were you hoping for?,/r/AskReddit/comments/1ki36is/a_newly_elected_pope_can_technically_choose_any/
Independent-Note8345,mrdw19b,Biggus Dickus,1,34230,,1ki36is,AskReddit,2025-05-09T08:00:37,1746777637.0,0,,0,1,True,A newly elected pope can technically choose any name he wishes. What name were you hoping for?,/r/AskReddit/comments/1ki36is/a_newly_elected_pope_can_technically_choose_any/
Acrylic_Starshine,mrdvz4i,Pope Chicago Trump,1,34193,,1ki36is,AskReddit,2025-05-09T08:00:00,1746777600.0,0,,0,1,True,A newly elected pope can technically choose any name he wishes. What name were you hoping for?,/r/AskReddit/comments/1ki36is/a_newly_elected_pope_can_technically_choose_any/
BonezOz,mrdvz28,"Pope Geonosis I

or 

Pope Motown (Pope Moe for short) I",1,34192,,1ki36is,AskReddit,2025-05-09T07:59:59,1746777599.0,0,,0,1,False,A newly elected pope can technically choose any name he wishes. What name were you hoping for?,/r/AskReddit/comments/1ki36is/a_newly_elected_pope_can_technically_choose_any/
NormanskillEire,mrdvy2m,Pope Excelsior (over) 9000,1,34174,,1ki36is,AskReddit,2025-05-09T07:59:41,1746777581.0,0,,0,1,False,A newly elected pope can technically choose any name he wishes. What name were you hoping for?,/r/AskReddit/comments/1ki36is/a_newly_elected_pope_can_technically_choose_any/
KhazraShaman,mrdvwed,Cuban Pete,1,34145,,1ki36is,AskReddit,2025-05-09T07:59:12,1746777552.0,0,,0,1,True,A newly elected pope can technically choose any name he wishes. What name were you hoping for?,/r/AskReddit/comments/1ki36is/a_newly_elected_pope_can_technically_choose_any/
Few_Dog7603,mrdvvaw,Boaty McBoatface,1,34127,,1ki36is,AskReddit,2025-05-09T07:58:54,1746777534.0,0,,0,1,True,A newly elected pope can technically choose any name he wishes. What name were you hoping for?,/r/AskReddit/comments/1ki36is/a_newly_elected_pope_can_technically_choose_any/
Crawdaddy64,mrdvsyu,Ming the Merciless,1,34084,,1ki36is,AskReddit,2025-05-09T07:58:11,1746777491.0,0,,0,1,True,A newly elected pope can technically choose any name he wishes. What name were you hoping for?,/r/AskReddit/comments/1ki36is/a_newly_elected_pope_can_technically_choose_any/
PiingThiing,mrdvsxt,Pope Palpatine,1,34083,,1ki36is,AskReddit,2025-05-09T07:58:10,1746777490.0,0,,0,1,True,A newly elected pope can technically choose any name he wishes. What name were you hoping for?,/r/AskReddit/comments/1ki36is/a_newly_elected_pope_can_technically_choose_any/
Peelie5,mrdvs13,Poor Todd Unctious. Or Pope Fluffybottom. I'm torn,1,34068,,1ki36is,AskReddit,2025-05-09T07:57:55,1746777475.0,0,,0,1,False,A newly elected pope can technically choose any name he wishes. What name were you hoping for?,/r/AskReddit/comments/1ki36is/a_newly_elected_pope_can_technically_choose_any/
VelenCia144,mrdvmyc,Pope Beelzebub,1,33979,,1ki36is,AskReddit,2025-05-09T07:56:26,1746777386.0,0,,0,1,True,A newly elected pope can technically choose any name he wishes. What name were you hoping for?,/r/AskReddit/comments/1ki36is/a_newly_elected_pope_can_technically_choose_any/
Gliese_436b,mrdvkyn,Pope Chad,1,33943,,1ki36is,AskReddit,2025-05-09T07:55:50,1746777350.0,0,,0,1,True,A newly elected pope can technically choose any name he wishes. What name were you hoping for?,/r/AskReddit/comments/1ki36is/a_newly_elected_pope_can_technically_choose_any/
Soyakongen,mrdvkuv,Pope Pen Pineapple Apple Pen,1,33942,,1ki36is,AskReddit,2025-05-09T07:55:49,1746777349.0,0,,0,1,False,A newly elected pope can technically choose any name he wishes. What name were you hoping for?,/r/AskReddit/comments/1ki36is/a_newly_elected_pope_can_technically_choose_any/
Marcuse0,mrdvg66,Sixtus VI would probably be a bad choice.,1,33859,,1ki36is,AskReddit,2025-05-09T07:54:26,1746777266.0,0,,0,1,False,A newly elected pope can technically choose any name he wishes. What name were you hoping for?,/r/AskReddit/comments/1ki36is/a_newly_elected_pope_can_technically_choose_any/
pleaseletmesitonit,mrdvfom,Good thing Romans don't exist anymore,1,33850,,1ki36is,AskReddit,2025-05-09T07:54:17,1746777257.0,0,,0,1,False,A newly elected pope can technically choose any name he wishes. What name were you hoping for?,/r/AskReddit/comments/1ki36is/a_newly_elected_pope_can_technically_choose_any/
slackfrop,mrdvd5e,Cash,1,33807,,1ki36is,AskReddit,2025-05-09T07:53:34,1746777214.0,0,,0,1,True,A newly elected pope can technically choose any name he wishes. What name were you hoping for?,/r/AskReddit/comments/1ki36is/a_newly_elected_pope_can_technically_choose_any/
pleaseletmesitonit,mrdvakb,(I turn away from the mike to praise Jesus),1,33762,,1ki36is,AskReddit,2025-05-09T07:52:49,1746777169.0,0,,0,1,False,A newly elected pope can technically choose any name he wishes. What name were you hoping for?,/r/AskReddit/comments/1ki36is/a_newly_elected_pope_can_technically_choose_any/
mbell300,mrdvae0,Pope Maximus the First. just sounds like he’s about to drop commandments and mixtapes at the same time.,1,33759,,1ki36is,AskReddit,2025-05-09T07:52:46,1746777166.0,0,,0,1,False,A newly elected pope can technically choose any name he wishes. What name were you hoping for?,/r/AskReddit/comments/1ki36is/a_newly_elected_pope_can_technically_choose_any/
OnyoIsTaken,mrdv9y7,Innocence,1,33751,,1ki36is,AskReddit,2025-05-09T07:52:38,1746777158.0,0,,0,1,True,A newly elected pope can technically choose any name he wishes. What name were you hoping for?,/r/AskReddit/comments/1ki36is/a_newly_elected_pope_can_technically_choose_any/
QueenCobra91,mrdv7v9,MC Poppa,1,33714,,1ki36is,AskReddit,2025-05-09T07:52:01,1746777121.0,0,,0,1,True,A newly elected pope can technically choose any name he wishes. What name were you hoping for?,/r/AskReddit/comments/1ki36is/a_newly_elected_pope_can_technically_choose_any/
No-Entrepreneur-7406,mrdv7hd,Anti Trump the First,1,33707,,1ki36is,AskReddit,2025-05-09T07:51:54,1746777114.0,0,,0,1,False,A newly elected pope can technically choose any name he wishes. What name were you hoping for?,/r/AskReddit/comments/1ki36is/a_newly_elected_pope_can_technically_choose_any/
arkofjoy,mrdv708,She is awesome.,1,33699,,1ki36is,AskReddit,2025-05-09T07:51:46,1746777106.0,0,,0,1,True,A newly elected pope can technically choose any name he wishes. What name were you hoping for?,/r/AskReddit/comments/1ki36is/a_newly_elected_pope_can_technically_choose_any/
itsanonstopdisco,mrdv64l,Rickety Cricket I,1,33683,,1ki36is,AskReddit,2025-05-09T07:51:30,1746777090.0,0,,0,1,True,A newly elected pope can technically choose any name he wishes. What name were you hoping for?,/r/AskReddit/comments/1ki36is/a_newly_elected_pope_can_technically_choose_any/
pleaseletmesitonit,mrdv5yu,Unexpected DBZA,1,33681,,1ki36is,AskReddit,2025-05-09T07:51:28,1746777088.0,0,,0,1,True,A newly elected pope can technically choose any name he wishes. What name were you hoping for?,/r/AskReddit/comments/1ki36is/a_newly_elected_pope_can_technically_choose_any/
gingermonkey1,mrdv4ws,It would trigger the end of days tbh.,1,33662,,1ki36is,AskReddit,2025-05-09T07:51:09,1746777069.0,0,,0,1,False,A newly elected pope can technically choose any name he wishes. What name were you hoping for?,/r/AskReddit/comments/1ki36is/a_newly_elected_pope_can_technically_choose_any/
pleaseletmesitonit,mrdv4a1,I didn't even know drums had an ass,1,33651,,1ki36is,AskReddit,2025-05-09T07:50:58,1746777058.0,0,,0,1,False,A newly elected pope can technically choose any name he wishes. What name were you hoping for?,/r/AskReddit/comments/1ki36is/a_newly_elected_pope_can_technically_choose_any/
Historical-Fill-1523,mrdv40p,That’s straight *Idiocracy* right there,1,33646,,1ki36is,AskReddit,2025-05-09T07:50:53,1746777053.0,0,,0,1,False,A newly elected pope can technically choose any name he wishes. What name were you hoping for?,/r/AskReddit/comments/1ki36is/a_newly_elected_pope_can_technically_choose_any/
MNightengale,mrdv360,Pope DeWayne,1,33631,,1ki36is,AskReddit,2025-05-09T07:50:38,1746777038.0,0,,0,1,True,A newly elected pope can technically choose any name he wishes. What name were you hoping for?,/r/AskReddit/comments/1ki36is/a_newly_elected_pope_can_technically_choose_any/
pleaseletmesitonit,mrdv2tf,Pere Worst,1,33625,,1ki36is,AskReddit,2025-05-09T07:50:32,1746777032.0,0,,0,1,True,A newly elected pope can technically choose any name he wishes. What name were you hoping for?,/r/AskReddit/comments/1ki36is/a_newly_elected_pope_can_technically_choose_any/
Burpreallyloud,mrdv2k9,Bob,1,33621,,1ki36is,AskReddit,2025-05-09T07:50:28,1746777028.0,0,,0,1,True,A newly elected pope can technically choose any name he wishes. What name were you hoping for?,/r/AskReddit/comments/1ki36is/a_newly_elected_pope_can_technically_choose_any/
Possible_Stick8405,mrdv0bn,Pope Pope,1,33582,,1ki36is,AskReddit,2025-05-09T07:49:49,1746776989.0,0,,0,1,True,A newly elected pope can technically choose any name he wishes. What name were you hoping for?,/r/AskReddit/comments/1ki36is/a_newly_elected_pope_can_technically_choose_any/
SparkleBella22,mrduzik,Pope Bob I was hoping for,1,33568,,1ki36is,AskReddit,2025-05-09T07:49:35,1746776975.0,0,,0,1,False,A newly elected pope can technically choose any name he wishes. What name were you hoping for?,/r/AskReddit/comments/1ki36is/a_newly_elected_pope_can_technically_choose_any/
draxenato,mrduym6,Popey McPopeface,1,33552,,1ki36is,AskReddit,2025-05-09T07:49:19,1746776959.0,0,,0,1,True,A newly elected pope can technically choose any name he wishes. What name were you hoping for?,/r/AskReddit/comments/1ki36is/a_newly_elected_pope_can_technically_choose_any/
WashingtonBaker1,mrduudk,"But doesn't it have to be the name of an existing saint? There's a whole process for sainthood, and I don't think Beavis has gone through it.",1,33478,,1ki36is,AskReddit,2025-05-09T07:48:05,1746776885.0,0,,0,1,False,A newly elected pope can technically choose any name he wishes. What name were you hoping for?,/r/AskReddit/comments/1ki36is/a_newly_elected_pope_can_technically_choose_any/
rockb8,mrduu0a,I was hoping for  Popey Mc Popeface,1,33471,,1ki36is,AskReddit,2025-05-09T07:47:58,1746776878.0,0,,0,1,False,A newly elected pope can technically choose any name he wishes. What name were you hoping for?,/r/AskReddit/comments/1ki36is/a_newly_elected_pope_can_technically_choose_any/
Kippekok,mrdusac,I mean he’s the pope so he can literally change the teachings.,1,33441,,1ki36is,AskReddit,2025-05-09T07:47:28,1746776848.0,0,,0,1,False,A newly elected pope can technically choose any name he wishes. What name were you hoping for?,/r/AskReddit/comments/1ki36is/a_newly_elected_pope_can_technically_choose_any/
HeroinHanz,mrdur6g,Pope smoke,1,33421,,1ki36is,AskReddit,2025-05-09T07:47:08,1746776828.0,0,,0,1,True,A newly elected pope can technically choose any name he wishes. What name were you hoping for?,/r/AskReddit/comments/1ki36is/a_newly_elected_pope_can_technically_choose_any/
kahinn1995lam,mrdupe6,How was everyone doing 😄,1,33390,,1ki36is,AskReddit,2025-05-09T07:46:37,1746776797.0,0,,0,1,False,A newly elected pope can technically choose any name he wishes. What name were you hoping for?,/r/AskReddit/comments/1ki36is/a_newly_elected_pope_can_technically_choose_any/
FrankFnRizzo,mrdup1i,Pope Bob Wehadababyitsaboy,1,33384,,1ki36is,AskReddit,2025-05-09T07:46:31,1746776791.0,0,,0,1,False,A newly elected pope can technically choose any name he wishes. What name were you hoping for?,/r/AskReddit/comments/1ki36is/a_newly_elected_pope_can_technically_choose_any/
stemroach101,mrduo50,Pope Ligma Balls the first,1,33368,,1ki36is,AskReddit,2025-05-09T07:46:15,1746776775.0,0,,0,1,False,A newly elected pope can technically choose any name he wishes. What name were you hoping for?,/r/AskReddit/comments/1ki36is/a_newly_elected_pope_can_technically_choose_any/
yaelfitzy,mrdukwd,Poope,1,33311,,1ki36is,AskReddit,2025-05-09T07:45:18,1746776718.0,0,,0,1,True,A newly elected pope can technically choose any name he wishes. What name were you hoping for?,/r/AskReddit/comments/1ki36is/a_newly_elected_pope_can_technically_choose_any/
Weird-Statistician,mrduifu,Popey McPopeface,1,33268,,1ki36is,AskReddit,2025-05-09T07:44:35,1746776675.0,0,,0,1,True,A newly elected pope can technically choose any name he wishes. What name were you hoping for?,/r/AskReddit/comments/1ki36is/a_newly_elected_pope_can_technically_choose_any/
Gingerishidiot,mrduhnf,"I'm sure that 'Pope was a rolling stone', not a Beatle",1,33254,,1ki36is,AskReddit,2025-05-09T07:44:21,1746776661.0,0,,0,1,False,A newly elected pope can technically choose any name he wishes. What name were you hoping for?,/r/AskReddit/comments/1ki36is/a_newly_elected_pope_can_technically_choose_any/
Dovecote2,mrdugpx,Pope John Paul George Ringo the first,1,33237,,1ki36is,AskReddit,2025-05-09T07:44:04,1746776644.0,0,,0,1,False,A newly elected pope can technically choose any name he wishes. What name were you hoping for?,/r/AskReddit/comments/1ki36is/a_newly_elected_pope_can_technically_choose_any/
luciform44,mrduf50,Omar,1,33209,,1ki36is,AskReddit,2025-05-09T07:43:36,1746776616.0,0,,0,1,True,A newly elected pope can technically choose any name he wishes. What name were you hoping for?,/r/AskReddit/comments/1ki36is/a_newly_elected_pope_can_technically_choose_any/
crowjack,mrdudrz,Ringo,1,33185,,1ki36is,AskReddit,2025-05-09T07:43:12,1746776592.0,0,,0,1,True,A newly elected pope can technically choose any name he wishes. What name were you hoping for?,/r/AskReddit/comments/1ki36is/a_newly_elected_pope_can_technically_choose_any/
nyli7163,mrducrh,Pope Lennon McCartney.,1,33168,,1ki36is,AskReddit,2025-05-09T07:42:55,1746776575.0,0,,0,1,False,A newly elected pope can technically choose any name he wishes. What name were you hoping for?,/r/AskReddit/comments/1ki36is/a_newly_elected_pope_can_technically_choose_any/
splitcroof92,mrdubyw,"Just when I thought religion couldn't get any dumber, y'all have prophecies as well?",1,33153,,1ki36is,AskReddit,2025-05-09T07:42:40,1746776560.0,0,,0,1,False,A newly elected pope can technically choose any name he wishes. What name were you hoping for?,/r/AskReddit/comments/1ki36is/a_newly_elected_pope_can_technically_choose_any/
Narkarij,mrdubd2,"I would probably choise Pope Eye, or smth similar.",1,33143,,1ki36is,AskReddit,2025-05-09T07:42:30,1746776550.0,0,,0,1,False,A newly elected pope can technically choose any name he wishes. What name were you hoping for?,/r/AskReddit/comments/1ki36is/a_newly_elected_pope_can_technically_choose_any/
That_Yvar,mrdua49,Pope Hilarius or Pope Hygenus,1,33120,,1ki36is,AskReddit,2025-05-09T07:42:07,1746776527.0,0,,0,1,False,A newly elected pope can technically choose any name he wishes. What name were you hoping for?,/r/AskReddit/comments/1ki36is/a_newly_elected_pope_can_technically_choose_any/
Resident_Function280,mrdua4h,Peter,1,33120,,1ki36is,AskReddit,2025-05-09T07:42:07,1746776527.0,0,,0,1,True,A newly elected pope can technically choose any name he wishes. What name were you hoping for?,/r/AskReddit/comments/1ki36is/a_newly_elected_pope_can_technically_choose_any/
roanish,mrdu79n,Barold,1,33069,,1ki36is,AskReddit,2025-05-09T07:41:16,1746776476.0,0,,0,1,True,A newly elected pope can technically choose any name he wishes. What name were you hoping for?,/r/AskReddit/comments/1ki36is/a_newly_elected_pope_can_technically_choose_any/
Zeero92,mrdu5hk,"Aw, you got here before me xD",1,33037,,1ki36is,AskReddit,2025-05-09T07:40:44,1746776444.0,0,,0,1,False,A newly elected pope can technically choose any name he wishes. What name were you hoping for?,/r/AskReddit/comments/1ki36is/a_newly_elected_pope_can_technically_choose_any/
nyli7163,mrdu40u,Dickus Denied.,1,33011,,1ki36is,AskReddit,2025-05-09T07:40:18,1746776418.0,0,,0,1,True,A newly elected pope can technically choose any name he wishes. What name were you hoping for?,/r/AskReddit/comments/1ki36is/a_newly_elected_pope_can_technically_choose_any/
szabiy,mrdu2p4,Raphael Ambrosius.,1,32988,,1ki36is,AskReddit,2025-05-09T07:39:55,1746776395.0,0,,0,1,True,A newly elected pope can technically choose any name he wishes. What name were you hoping for?,/r/AskReddit/comments/1ki36is/a_newly_elected_pope_can_technically_choose_any/
Dur4lex,mrdtzeh,Anakin I or Paplatine if he is Italian,1,32928,,1ki36is,AskReddit,2025-05-09T07:38:55,1746776335.0,0,,0,1,False,A newly elected pope can technically choose any name he wishes. What name were you hoping for?,/r/AskReddit/comments/1ki36is/a_newly_elected_pope_can_technically_choose_any/
alteredxenon,mrdty2s,Iggy,1,32904,,1ki36is,AskReddit,2025-05-09T07:38:31,1746776311.0,0,,0,1,True,A newly elected pope can technically choose any name he wishes. What name were you hoping for?,/r/AskReddit/comments/1ki36is/a_newly_elected_pope_can_technically_choose_any/
74389654,mrdtrfv,benitez,1,32785,,1ki36is,AskReddit,2025-05-09T07:36:32,1746776192.0,0,,0,1,True,A newly elected pope can technically choose any name he wishes. What name were you hoping for?,/r/AskReddit/comments/1ki36is/a_newly_elected_pope_can_technically_choose_any/
fellaD,mrdtrck,Pope Love Apple,1,32783,,1ki36is,AskReddit,2025-05-09T07:36:30,1746776190.0,0,,0,1,True,A newly elected pope can technically choose any name he wishes. What name were you hoping for?,/r/AskReddit/comments/1ki36is/a_newly_elected_pope_can_technically_choose_any/
hoganpaul,mrdtqcr,Onnarope,1,32766,,1ki36is,AskReddit,2025-05-09T07:36:13,1746776173.0,0,,0,1,True,A newly elected pope can technically choose any name he wishes. What name were you hoping for?,/r/AskReddit/comments/1ki36is/a_newly_elected_pope_can_technically_choose_any/
Yoshim7,mrdtpm0,"My surename is Sette which in Italian means Sette. There were 5 popes named sisto which is similar to the word sesto (sixth). A German name is Otto which is exactly like we say eight in Italian

Papa Otto Sisto sesto sette would be crazy",1,32752,,1ki36is,AskReddit,2025-05-09T07:35:59,1746776159.0,0,,0,1,False,A newly elected pope can technically choose any name he wishes. What name were you hoping for?,/r/AskReddit/comments/1ki36is/a_newly_elected_pope_can_technically_choose_any/
